Trial Number,Timestamp,Message ID,PDO Label,DLC,Flags,Status word,Actual speed,RMS motor Current,DC Bus Voltage,Internal Speed Reference,Reference Torque,Actual Torque,Field weakening control: voltage angle,Field weakening control: regulator status,Current limit: actual limit type,Motor voltage control: U peak normalized,Digital status word,Scaled throttle percent,Motor voltage control: idLimit,Motor voltage control: Idfiltered,Actual currents: iq,Motor measurements: DC bus current
15,8,390,PDO1,8,0,33552,0,0,-9964,,,,,,,,,,,,,
15,8,646,PDO2,8,0,,,,,-513,0,0,0,,,,,,,,,
15,8,902,PDO3,8,0,,,,,,,,,0,0,0,16888,0,,,,
15,10,1158,PDO4,8,0,,,,,,,,,,,,,,0,0,0,0
15,11,1542,Unknown PDO,8,0,,,,,,,,,,,,,,,,,
15,12,1414,Unknown PDO,8,0,,,,,,,,,,,,,,,,,
15,13,1414,Unknown PDO,8,0,,,,,,,,,,,,,,,,,
15,13,1542,Unknown PDO,8,0,,,,,,,,,,,,,,,,,
15,24,1542,Unknown PDO,8,0,,,,,,,,,,,,,,,,,
15,26,1414,Unknown PDO,8,0,,,,,,,,,,,,,,,,,
15,28,390,PDO1,8,0,33552,-1025,0,-9964,,,,,,,,,,,,,
15,28,646,PDO2,8,0,,,,,256,0,0,0,,,,,,,,,
15,28,902,PDO3,8,0,,,,,,,,,0,0,0,16888,0,,,,
15,29,1158,PDO4,8,0,,,,,,,,,,,,,,0,0,0,0
15,31,1414,Unknown PDO,8,0,,,,,,,,,,,,,,,,,
15,31,1542,Unknown PDO,8,0,,,,,,,,,,,,,,,,,
15,48,390,PDO1,8,0,33552,-257,0,-9964,,,,,,,,,,,,,
15,48,646,PDO2,8,0,,,,,-1,0,0,0,,,,,,,,,
15,48,902,PDO3,8,0,,,,,,,,,0,0,0,16888,0,,,,
15,50,1158,PDO4,8,0,,,,,,,,,,,,,,0,0,0,0
15,62,1542,Unknown PDO,8,0,,,,,,,,,,,,,,,,,
15,63,1414,Unknown PDO,8,0,,,,,,,,,,,,,,,,,
15,63,1542,Unknown PDO,8,0,,,,,,,,,,,,,,,,,
15,65,1414,Unknown PDO,8,0,,,,,,,,,,,,,,,,,
15,69,390,PDO1,8,0,34576,2048,512,-7404,,,,,,,,,,,,,
15,69,646,PDO2,8,0,,,,,0,0,0,0,,,,,,,,,
15,69,902,PDO3,8,0,,,,,,,,,0,0,26880,16888,0,,,,
15,70,1158,PDO4,8,0,,,,,,,,,,,,,,1280,256,0,0
15,75,1542,Unknown PDO,8,0,,,,,,,,,,,,,,,,,
15,77,1414,Unknown PDO,8,0,,,,,,,,,,,,,,,,,
15,77,1542,Unknown PDO,8,0,,,,,,,,,,,,,,,,,
15,79,1414,Unknown PDO,8,0,,,,,,,,,,,,,,,,,
15,82,1542,Unknown PDO,8,0,,,,,,,,,,,,,,,,,
15,83,1414,Unknown PDO,8,0,,,,,,,,,,,,,,,,,
15,89,390,PDO1,8,0,34576,0,768,-6892,,,,,,,,,,,,,
15,90,646,PDO2,8,0,,,,,-1,0,0,0,,,,,,,,,
15,90,902,PDO3,8,0,,,,,,,,,0,0,24576,16888,0,,,,
15,90,1158,PDO4,8,0,,,,,,,,,,,,,,1280,0,0,0
15,92,1542,Unknown PDO,8,0,,,,,,,,,,,,,,,,,
15,93,1414,Unknown PDO,8,0,,,,,,,,,,,,,,,,,
15,98,1542,Unknown PDO,8,0,,,,,,,,,,,,,,,,,
15,99,1414,Unknown PDO,8,0,,,,,,,,,,,,,,,,,
15,104,1542,Unknown PDO,8,0,,,,,,,,,,,,,,,,,
15,105,1414,Unknown PDO,8,0,,,,,,,,,,,,,,,,,
15,110,390,PDO1,8,0,34576,0,512,-7404,,,,,,,,,,,,,
15,110,646,PDO2,8,0,,,,,0,0,0,0,,,,,,,,,
15,110,902,PDO3,8,0,,,,,,,,,0,0,28160,16888,0,,,,
15,110,1158,PDO4,8,0,,,,,,,,,,,,,,1280,0,-1,0
15,130,390,PDO1,8,0,34576,-257,512,-7404,,,,,,,,,,,,,
15,131,646,PDO2,8,0,,,,,-1,0,0,0,,,,,,,,,
15,131,902,PDO3,8,0,,,,,,,,,0,0,17920,16888,0,,,,
15,132,1158,PDO4,8,0,,,,,,,,,,,,,,1280,0,-1,0
15,151,390,PDO1,8,0,34576,0,512,-7404,,,,,,,,,,,,,
15,151,646,PDO2,8,0,,,,,768,0,0,0,,,,,,,,,
15,151,902,PDO3,8,0,,,,,,,,,0,0,26368,16888,0,,,,
15,152,1158,PDO4,8,0,,,,,,,,,,,,,,1280,0,256,0
15,171,390,PDO1,8,0,34576,256,512,-7404,,,,,,,,,,,,,
15,171,646,PDO2,8,0,,,,,-769,0,0,0,,,,,,,,,
15,171,902,PDO3,8,0,,,,,,,,,0,0,25856,16888,0,,,,
15,173,1158,PDO4,8,0,,,,,,,,,,,,,,1280,256,0,0
15,192,390,PDO1,8,0,34576,-769,512,-7404,,,,,,,,,,,,,
15,192,646,PDO2,8,0,,,,,-257,0,0,0,,,,,,,,,
15,192,902,PDO3,8,0,,,,,,,,,0,0,24832,16888,0,,,,
15,193,1158,PDO4,8,0,,,,,,,,,,,,,,1280,0,-1,0
15,194,1542,Unknown PDO,8,0,,,,,,,,,,,,,,,,,
15,195,1414,Unknown PDO,8,0,,,,,,,,,,,,,,,,,
15,207,1414,Unknown PDO,8,0,,,,,,,,,,,,,,,,,
15,207,1542,Unknown PDO,8,0,,,,,,,,,,,,,,,,,
15,212,390,PDO1,8,0,34576,-769,512,-7404,,,,,,,,,,,,,
15,212,646,PDO2,8,0,,,,,0,0,0,0,,,,,,,,,
15,212,902,PDO3,8,0,,,,,,,,,0,0,25344,16888,0,,,,
15,213,1158,PDO4,8,0,,,,,,,,,,,,,,1280,0,512,0
15,214,1542,Unknown PDO,8,0,,,,,,,,,,,,,,,,,
15,216,1414,Unknown PDO,8,0,,,,,,,,,,,,,,,,,
15,223,1542,Unknown PDO,8,0,,,,,,,,,,,,,,,,,
15,224,1414,Unknown PDO,8,0,,,,,,,,,,,,,,,,,
15,233,390,PDO1,8,0,34576,256,512,-7404,,,,,,,,,,,,,
15,233,646,PDO2,8,0,,,,,-1,0,0,0,,,,,,,,,
15,233,902,PDO3,8,0,,,,,,,,,0,0,27136,16888,0,,,,
15,234,1158,PDO4,8,0,,,,,,,,,,,,,,1280,0,0,0
15,234,1542,Unknown PDO,8,0,,,,,,,,,,,,,,,,,
15,235,1414,Unknown PDO,8,0,,,,,,,,,,,,,,,,,
15,243,1542,Unknown PDO,8,0,,,,,,,,,,,,,,,,,
15,245,1414,Unknown PDO,8,0,,,,,,,,,,,,,,,,,
15,246,1542,Unknown PDO,8,0,,,,,,,,,,,,,,,,,
15,247,1414,Unknown PDO,8,0,,,,,,,,,,,,,,,,,
15,250,1542,Unknown PDO,8,0,,,,,,,,,,,,,,,,,
15,251,1414,Unknown PDO,8,0,,,,,,,,,,,,,,,,,
15,253,390,PDO1,8,0,34576,512,512,-7404,,,,,,,,,,,,,
15,254,646,PDO2,8,0,,,,,0,0,0,0,,,,,,,,,
15,254,902,PDO3,8,0,,,,,,,,,0,0,13056,16888,0,,,,
15,254,1542,Unknown PDO,8,0,,,,,,,,,,,,,,,,,
15,255,1158,PDO4,8,0,,,,,,,,,,,,,,1280,256,768,0
15,257,1414,Unknown PDO,8,0,,,,,,,,,,,,,,,,,
15,265,1414,Unknown PDO,8,0,,,,,,,,,,,,,,,,,
15,265,1542,Unknown PDO,8,0,,,,,,,,,,,,,,,,,
15,274,390,PDO1,8,0,34576,256,512,-6892,,,,,,,,,,,,,
15,275,646,PDO2,8,0,,,,,-1,0,0,0,,,,,,,,,
15,275,902,PDO3,8,0,,,,,,,,,0,0,17920,16888,0,,,,
15,275,1542,Unknown PDO,8,0,,,,,,,,,,,,,,,,,
15,276,1158,PDO4,8,0,,,,,,,,,,,,,,1280,-1,512,0
15,276,1414,Unknown PDO,8,0,,,,,,,,,,,,,,,,,
15,285,1542,Unknown PDO,8,0,,,,,,,,,,,,,,,,,
15,286,1414,Unknown PDO,8,0,,,,,,,,,,,,,,,,,
15,296,390,PDO1,8,0,34576,-513,512,-7404,,,,,,,,,,,,,
15,296,646,PDO2,8,0,,,,,0,0,0,0,,,,,,,,,
15,296,902,PDO3,8,0,,,,,,,,,0,0,19200,16888,0,,,,
15,296,1158,PDO4,8,0,,,,,,,,,,,,,,1280,0,256,0
15,301,1542,Unknown PDO,8,0,,,,,,,,,,,,,,,,,
15,303,1414,Unknown PDO,8,0,,,,,,,,,,,,,,,,,
15,315,390,PDO1,8,0,34576,256,512,-7404,,,,,,,,,,,,,
15,316,646,PDO2,8,0,,,,,-1025,0,0,0,,,,,,,,,
15,316,902,PDO3,8,0,,,,,,,,,0,0,24064,16888,0,,,,
15,316,1158,PDO4,8,0,,,,,,,,,,,,,,1280,0,-513,0
15,323,1414,Unknown PDO,8,0,,,,,,,,,,,,,,,,,
15,323,1542,Unknown PDO,8,0,,,,,,,,,,,,,,,,,
15,336,390,PDO1,8,0,34576,-1,512,-7404,,,,,,,,,,,,,
15,336,646,PDO2,8,0,,,,,-257,0,0,0,,,,,,,,,
15,336,902,PDO3,8,0,,,,,,,,,0,0,31744,16888,0,,,,
15,336,1158,PDO4,8,0,,,,,,,,,,,,,,1280,0,0,0
15,339,1542,Unknown PDO,8,0,,,,,,,,,,,,,,,,,
15,341,1414,Unknown PDO,8,0,,,,,,,,,,,,,,,,,
15,350,1542,Unknown PDO,8,0,,,,,,,,,,,,,,,,,
15,352,1414,Unknown PDO,8,0,,,,,,,,,,,,,,,,,
15,353,1414,Unknown PDO,8,0,,,,,,,,,,,,,,,,,
15,353,1542,Unknown PDO,8,0,,,,,,,,,,,,,,,,,
15,354,1542,Unknown PDO,8,0,,,,,,,,,,,,,,,,,
15,356,390,PDO1,8,0,34576,-1,512,-7404,,,,,,,,,,,,,
15,356,646,PDO2,8,0,,,,,0,0,0,0,,,,,,,,,
15,356,902,PDO3,8,0,,,,,,,,,0,0,15104,16888,0,,,,
15,357,1158,PDO4,8,0,,,,,,,,,,,,,,1280,0,0,0
15,358,1414,Unknown PDO,8,0,,,,,,,,,,,,,,,,,
15,365,1542,Unknown PDO,8,0,,,,,,,,,,,,,,,,,
15,367,1414,Unknown PDO,8,0,,,,,,,,,,,,,,,,,
15,368,1542,Unknown PDO,8,0,,,,,,,,,,,,,,,,,
15,370,1414,Unknown PDO,8,0,,,,,,,,,,,,,,,,,
15,371,1414,Unknown PDO,8,0,,,,,,,,,,,,,,,,,
15,371,1542,Unknown PDO,8,0,,,,,,,,,,,,,,,,,
15,374,1542,Unknown PDO,8,0,,,,,,,,,,,,,,,,,
15,376,390,PDO1,8,0,34576,-513,512,-6892,,,,,,,,,,,,,
15,376,646,PDO2,8,0,,,,,0,0,0,0,,,,,,,,,
15,376,902,PDO3,8,0,,,,,,,,,0,0,14336,16888,0,,,,
15,378,1158,PDO4,8,0,,,,,,,,,,,,,,1280,0,512,0
15,378,1414,Unknown PDO,8,0,,,,,,,,,,,,,,,,,
15,396,390,PDO1,8,0,34576,512,512,-6892,,,,,,,,,,,,,
15,396,646,PDO2,8,0,,,,,-513,0,0,0,,,,,,,,,
15,396,902,PDO3,8,0,,,,,,,,,0,0,18176,16888,0,,,,
15,398,1158,PDO4,8,0,,,,,,,,,,,,,,1280,0,-1,0
15,399,1542,Unknown PDO,8,0,,,,,,,,,,,,,,,,,
15,400,1414,Unknown PDO,8,0,,,,,,,,,,,,,,,,,
15,417,390,PDO1,8,0,34576,-1,512,-7404,,,,,,,,,,,,,
15,417,646,PDO2,8,0,,,,,-1,0,0,0,,,,,,,,,
15,417,902,PDO3,8,0,,,,,,,,,0,0,13568,16888,0,,,,
15,418,1158,PDO4,8,0,,,,,,,,,,,,,,1280,-1,0,0
15,421,1542,Unknown PDO,8,0,,,,,,,,,,,,,,,,,
15,422,1414,Unknown PDO,8,0,,,,,,,,,,,,,,,,,
15,432,1542,Unknown PDO,8,0,,,,,,,,,,,,,,,,,
15,433,1414,Unknown PDO,8,0,,,,,,,,,,,,,,,,,
15,437,390,PDO1,8,0,34576,-1,512,-7404,,,,,,,,,,,,,
15,437,646,PDO2,8,0,,,,,512,0,0,0,,,,,,,,,
15,437,902,PDO3,8,0,,,,,,,,,0,0,13824,16888,0,,,,
15,438,1158,PDO4,8,0,,,,,,,,,,,,,,1280,0,-257,0
15,453,1542,Unknown PDO,8,0,,,,,,,,,,,,,,,,,
15,455,1414,Unknown PDO,8,0,,,,,,,,,,,,,,,,,
15,457,390,PDO1,8,0,34576,-1025,512,-7404,,,,,,,,,,,,,
15,457,646,PDO2,8,0,,,,,0,0,0,0,,,,,,,,,
15,458,902,PDO3,8,0,,,,,,,,,0,0,28672,16888,0,,,,
15,458,1158,PDO4,8,0,,,,,,,,,,,,,,1280,256,-1,0
15,464,1542,Unknown PDO,8,0,,,,,,,,,,,,,,,,,
15,465,1414,Unknown PDO,8,0,,,,,,,,,,,,,,,,,
15,478,390,PDO1,8,0,34576,512,256,-7404,,,,,,,,,,,,,
15,478,646,PDO2,8,0,,,,,0,0,0,0,,,,,,,,,
15,479,902,PDO3,8,0,,,,,,,,,0,0,15872,16888,0,,,,
15,480,1158,PDO4,8,0,,,,,,,,,,,,,,1280,0,256,0
15,484,1542,Unknown PDO,8,0,,,,,,,,,,,,,,,,,
15,486,1414,Unknown PDO,8,0,,,,,,,,,,,,,,,,,
15,486,1542,Unknown PDO,8,0,,,,,,,,,,,,,,,,,
15,488,1414,Unknown PDO,8,0,,,,,,,,,,,,,,,,,
15,489,1542,Unknown PDO,8,0,,,,,,,,,,,,,,,,,
15,490,1414,Unknown PDO,8,0,,,,,,,,,,,,,,,,,
15,491,1542,Unknown PDO,8,0,,,,,,,,,,,,,,,,,
15,492,1414,Unknown PDO,8,0,,,,,,,,,,,,,,,,,
15,493,1542,Unknown PDO,8,0,,,,,,,,,,,,,,,,,
15,494,1414,Unknown PDO,8,0,,,,,,,,,,,,,,,,,
15,495,1542,Unknown PDO,8,0,,,,,,,,,,,,,,,,,
15,496,1414,Unknown PDO,8,0,,,,,,,,,,,,,,,,,
15,497,1542,Unknown PDO,8,0,,,,,,,,,,,,,,,,,
15,498,390,PDO1,8,0,34576,-257,512,-7404,,,,,,,,,,,,,
15,499,646,PDO2,8,0,,,,,256,0,0,0,,,,,,,,,
15,499,902,PDO3,8,0,,,,,,,,,0,0,16384,16888,0,,,,
15,499,1158,PDO4,8,0,,,,,,,,,,,,,,1280,0,0,0
15,500,1414,Unknown PDO,8,0,,,,,,,,,,,,,,,,,
15,517,1542,Unknown PDO,8,0,,,,,,,,,,,,,,,,,
15,519,390,PDO1,8,0,34576,256,512,-7404,,,,,,,,,,,,,
15,519,646,PDO2,8,0,,,,,-513,0,0,0,,,,,,,,,
15,520,902,PDO3,8,0,,,,,,,,,0,0,-30976,16888,0,,,,
15,520,1414,Unknown PDO,8,0,,,,,,,,,,,,,,,,,
15,521,1158,PDO4,8,0,,,,,,,,,,,,,,1280,256,0,0
15,530,1542,Unknown PDO,8,0,,,,,,,,,,,,,,,,,
15,531,1414,Unknown PDO,8,0,,,,,,,,,,,,,,,,,
15,540,390,PDO1,8,0,34576,0,512,-7404,,,,,,,,,,,,,
15,540,646,PDO2,8,0,,,,,0,0,0,0,,,,,,,,,
15,540,902,PDO3,8,0,,,,,,,,,0,0,20224,16888,0,,,,
15,542,1158,PDO4,8,0,,,,,,,,,,,,,,1280,0,512,0
15,546,1542,Unknown PDO,8,0,,,,,,,,,,,,,,,,,
15,548,1414,Unknown PDO,8,0,,,,,,,,,,,,,,,,,
15,560,390,PDO1,8,0,34576,768,512,-7404,,,,,,,,,,,,,
15,560,646,PDO2,8,0,,,,,0,0,0,0,,,,,,,,,
15,561,902,PDO3,8,0,,,,,,,,,0,0,30720,16888,0,,,,
15,562,1158,PDO4,8,0,,,,,,,,,,,,,,1280,0,768,0
15,566,1542,Unknown PDO,8,0,,,,,,,,,,,,,,,,,
15,568,1414,Unknown PDO,8,0,,,,,,,,,,,,,,,,,
15,582,390,PDO1,8,0,34576,-1,512,-7404,,,,,,,,,,,,,
15,582,646,PDO2,8,0,,,,,-513,0,0,0,,,,,,,,,
15,582,902,PDO3,8,0,,,,,,,,,0,0,31232,16888,0,,,,
15,583,1158,PDO4,8,0,,,,,,,,,,,,,,1280,0,256,0
15,602,390,PDO1,8,0,34576,0,512,-7404,,,,,,,,,,,,,
15,602,646,PDO2,8,0,,,,,0,0,0,0,,,,,,,,,
15,602,902,PDO3,8,0,,,,,,,,,0,0,22016,16888,0,,,,
15,603,1158,PDO4,8,0,,,,,,,,,,,,,,1280,-1,0,0
15,623,390,PDO1,8,0,34576,256,768,-7404,,,,,,,,,,,,,
15,623,646,PDO2,8,0,,,,,-1,0,0,0,,,,,,,,,
15,623,902,PDO3,8,0,,,,,,,,,0,0,30208,16888,0,,,,
15,624,1158,PDO4,8,0,,,,,,,,,,,,,,1280,-1,0,0
15,643,390,PDO1,8,0,34576,1536,512,-7404,,,,,,,,,,,,,
15,643,646,PDO2,8,0,,,,,-513,0,0,0,,,,,,,,,
15,643,902,PDO3,8,0,,,,,,,,,0,0,22272,16888,0,,,,
15,644,1158,PDO4,8,0,,,,,,,,,,,,,,1280,0,256,0
15,663,390,PDO1,8,0,34576,256,512,-7404,,,,,,,,,,,,,
15,663,646,PDO2,8,0,,,,,512,0,0,0,,,,,,,,,
15,663,902,PDO3,8,0,,,,,,,,,0,0,14848,16888,0,,,,
15,664,1158,PDO4,8,0,,,,,,,,,,,,,,1280,0,512,0
15,684,390,PDO1,8,0,34576,-513,256,-7404,,,,,,,,,,,,,
15,685,646,PDO2,8,0,,,,,-513,0,0,0,,,,,,,,,
15,685,902,PDO3,8,0,,,,,,,,,0,0,17152,16888,0,,,,
15,685,1158,PDO4,8,0,,,,,,,,,,,,,,1280,0,-1,0
15,704,390,PDO1,8,0,34576,1280,512,-6892,,,,,,,,,,,,,
15,704,646,PDO2,8,0,,,,,0,0,0,0,,,,,,,,,
15,704,902,PDO3,8,0,,,,,,,,,0,0,26112,16888,0,,,,
15,706,1158,PDO4,8,0,,,,,,,,,,,,,,1280,256,-257,0
15,725,390,PDO1,8,0,34576,1024,512,-7404,,,,,,,,,,,,,
15,725,646,PDO2,8,0,,,,,0,0,0,0,,,,,,,,,
15,725,902,PDO3,8,0,,,,,,,,,0,0,19712,16888,0,,,,
15,726,1158,PDO4,8,0,,,,,,,,,,,,,,1280,0,768,0
15,729,1542,Unknown PDO,8,0,,,,,,,,,,,,,,,,,
15,730,1414,Unknown PDO,8,0,,,,,,,,,,,,,,,,,
15,744,1542,Unknown PDO,8,0,,,,,,,,,,,,,,,,,
15,745,390,PDO1,8,0,34576,256,512,-7404,,,,,,,,,,,,,
15,745,646,PDO2,8,0,,,,,512,0,0,0,,,,,,,,,
15,746,902,PDO3,8,0,,,,,,,,,0,0,21248,16888,0,,,,
15,747,1158,PDO4,8,0,,,,,,,,,,,,,,1280,0,768,0
15,748,1414,Unknown PDO,8,0,,,,,,,,,,,,,,,,,
15,749,1542,Unknown PDO,8,0,,,,,,,,,,,,,,,,,
15,750,1414,Unknown PDO,8,0,,,,,,,,,,,,,,,,,
15,757,1542,Unknown PDO,8,0,,,,,,,,,,,,,,,,,
15,758,1414,Unknown PDO,8,0,,,,,,,,,,,,,,,,,
15,767,390,PDO1,8,0,34576,1792,512,-6892,,,,,,,,,,,,,
15,767,646,PDO2,8,0,,,,,-1,0,0,0,,,,,,,,,
15,767,902,PDO3,8,0,,,,,,,,,0,0,15872,16888,0,,,,
15,768,1158,PDO4,8,0,,,,,,,,,,,,,,1280,0,-257,0
15,780,1542,Unknown PDO,8,0,,,,,,,,,,,,,,,,,
15,781,1414,Unknown PDO,8,0,,,,,,,,,,,,,,,,,
15,788,390,PDO1,8,0,34576,-1,512,-7404,,,,,,,,,,,,,
15,788,646,PDO2,8,0,,,,,-1,0,0,0,,,,,,,,,
15,788,902,PDO3,8,0,,,,,,,,,0,0,15872,16888,0,,,,
15,789,1158,PDO4,8,0,,,,,,,,,,,,,,1280,0,256,0
15,808,390,PDO1,8,0,34576,0,512,-7404,,,,,,,,,,,,,
15,808,646,PDO2,8,0,,,,,768,0,0,0,,,,,,,,,
15,809,902,PDO3,8,0,,,,,,,,,0,0,29184,16888,0,,,,
15,810,1158,PDO4,8,0,,,,,,,,,,,,,,1280,0,-257,0
15,821,1542,Unknown PDO,8,0,,,,,,,,,,,,,,,,,
15,822,1414,Unknown PDO,8,0,,,,,,,,,,,,,,,,,
15,823,1542,Unknown PDO,8,0,,,,,,,,,,,,,,,,,
15,824,1414,Unknown PDO,8,0,,,,,,,,,,,,,,,,,
15,829,390,PDO1,8,0,34576,-257,512,-7404,,,,,,,,,,,,,
15,829,646,PDO2,8,0,,,,,-513,0,0,0,,,,,,,,,
15,829,902,PDO3,8,0,,,,,,,,,0,0,22016,16888,0,,,,
15,830,1158,PDO4,8,0,,,,,,,,,,,,,,1280,0,-257,0
15,842,1414,Unknown PDO,8,0,,,,,,,,,,,,,,,,,
15,842,1542,Unknown PDO,8,0,,,,,,,,,,,,,,,,,
15,843,1542,Unknown PDO,8,0,,,,,,,,,,,,,,,,,
15,844,1414,Unknown PDO,8,0,,,,,,,,,,,,,,,,,
15,849,390,PDO1,8,0,34576,256,512,-6892,,,,,,,,,,,,,
15,849,646,PDO2,8,0,,,,,0,0,0,0,,,,,,,,,
15,849,902,PDO3,8,0,,,,,,,,,0,0,29184,16888,0,,,,
15,851,1158,PDO4,8,0,,,,,,,,,,,,,,1280,0,0,0
15,858,1542,Unknown PDO,8,0,,,,,,,,,,,,,,,,,
15,859,1414,Unknown PDO,8,0,,,,,,,,,,,,,,,,,
15,870,390,PDO1,8,0,34576,-513,512,-7404,,,,,,,,,,,,,
15,870,646,PDO2,8,0,,,,,512,0,0,0,,,,,,,,,
15,870,902,PDO3,8,0,,,,,,,,,0,0,29440,16888,0,,,,
15,870,1158,PDO4,8,0,,,,,,,,,,,,,,1280,0,256,0
15,883,1542,Unknown PDO,8,0,,,,,,,,,,,,,,,,,
15,885,1414,Unknown PDO,8,0,,,,,,,,,,,,,,,,,
15,886,1542,Unknown PDO,8,0,,,,,,,,,,,,,,,,,
15,887,1414,Unknown PDO,8,0,,,,,,,,,,,,,,,,,
15,889,390,PDO1,8,0,34576,0,512,-7404,,,,,,,,,,,,,
15,890,646,PDO2,8,0,,,,,0,0,0,0,,,,,,,,,
15,890,902,PDO3,8,0,,,,,,,,,0,0,25600,16888,0,,,,
15,890,1158,PDO4,8,0,,,,,,,,,,,,,,1280,0,-1,0
15,896,1542,Unknown PDO,8,0,,,,,,,,,,,,,,,,,
15,897,1414,Unknown PDO,8,0,,,,,,,,,,,,,,,,,
15,910,390,PDO1,8,0,34576,0,512,-7404,,,,,,,,,,,,,
15,910,646,PDO2,8,0,,,,,0,0,0,0,,,,,,,,,
15,911,902,PDO3,8,0,,,,,,,,,0,0,21248,16888,0,,,,
15,912,1158,PDO4,8,0,,,,,,,,,,,,,,1280,0,-1,0
15,931,390,PDO1,8,0,34576,768,512,-7404,,,,,,,,,,,,,
15,931,646,PDO2,8,0,,,,,0,0,0,0,,,,,,,,,
15,932,902,PDO3,8,0,,,,,,,,,0,0,26368,16888,0,,,,
15,932,1158,PDO4,8,0,,,,,,,,,,,,,,1280,0,256,0
15,951,390,PDO1,8,0,34576,512,512,-7404,,,,,,,,,,,,,
15,951,646,PDO2,8,0,,,,,-1,0,0,0,,,,,,,,,
15,952,902,PDO3,8,0,,,,,,,,,0,0,17408,16888,0,,,,
15,952,1158,PDO4,8,0,,,,,,,,,,,,,,1280,-1,-1,0
15,972,390,PDO1,8,0,34576,512,768,-7404,,,,,,,,,,,,,
15,973,646,PDO2,8,0,,,,,-257,0,0,0,,,,,,,,,
15,973,902,PDO3,8,0,,,,,,,,,0,0,30464,16888,0,,,,
15,974,1158,PDO4,8,0,,,,,,,,,,,,,,1280,-1,-1,0
15,993,390,PDO1,8,0,34576,256,512,-7404,,,,,,,,,,,,,
15,993,646,PDO2,8,0,,,,,0,0,0,0,,,,,,,,,
15,993,902,PDO3,8,0,,,,,,,,,0,0,18944,16888,0,,,,
15,994,1158,PDO4,8,0,,,,,,,,,,,,,,1280,256,-513,0
15,1013,390,PDO1,8,0,34576,-257,256,-7404,,,,,,,,,,,,,
15,1013,646,PDO2,8,0,,,,,0,0,0,0,,,,,,,,,
15,1014,902,PDO3,8,0,,,,,,,,,0,0,19712,16888,0,,,,
15,1014,1158,PDO4,8,0,,,,,,,,,,,,,,1280,0,0,0
15,1033,390,PDO1,8,0,34576,-257,512,-7404,,,,,,,,,,,,,
15,1033,646,PDO2,8,0,,,,,-257,0,0,0,,,,,,,,,
15,1034,902,PDO3,8,0,,,,,,,,,0,0,24832,16888,0,,,,
15,1034,1158,PDO4,8,0,,,,,,,,,,,,,,1280,256,0,0
15,1055,390,PDO1,8,0,34576,512,512,-7404,,,,,,,,,,,,,
15,1055,646,PDO2,8,0,,,,,-513,0,0,0,,,,,,,,,
15,1055,902,PDO3,8,0,,,,,,,,,0,0,-26880,16888,0,,,,
15,1055,1158,PDO4,8,0,,,,,,,,,,,,,,1280,0,-513,0
15,1074,390,PDO1,8,0,34576,512,512,-7404,,,,,,,,,,,,,
15,1075,646,PDO2,8,0,,,,,0,0,0,0,,,,,,,,,
15,1075,902,PDO3,8,0,,,,,,,,,0,0,30720,16888,0,,,,
15,1075,1158,PDO4,8,0,,,,,,,,,,,,,,1280,0,-1,0
15,1095,390,PDO1,8,0,34576,256,768,-7404,,,,,,,,,,,,,
15,1095,646,PDO2,8,0,,,,,0,0,0,0,,,,,,,,,
15,1095,902,PDO3,8,0,,,,,,,,,0,0,-29952,16888,0,,,,
15,1095,1158,PDO4,8,0,,,,,,,,,,,,,,1280,0,0,0
15,1116,390,PDO1,8,0,34576,0,256,-6892,,,,,,,,,,,,,
15,1116,646,PDO2,8,0,,,,,0,0,0,0,,,,,,,,,
15,1116,902,PDO3,8,0,,,,,,,,,0,0,19712,16888,0,,,,
15,1116,1158,PDO4,8,0,,,,,,,,,,,,,,1280,0,512,0
15,1136,390,PDO1,8,0,34576,-1,512,-7404,,,,,,,,,,,,,
15,1136,646,PDO2,8,0,,,,,0,0,0,0,,,,,,,,,
15,1136,902,PDO3,8,0,,,,,,,,,0,0,-32256,16888,0,,,,
15,1136,1158,PDO4,8,0,,,,,,,,,,,,,,1280,0,256,0
15,1156,390,PDO1,8,0,34576,768,512,-7404,,,,,,,,,,,,,
15,1156,646,PDO2,8,0,,,,,0,0,0,0,,,,,,,,,
15,1157,902,PDO3,8,0,,,,,,,,,0,0,30976,16888,0,,,,
15,1158,1158,PDO4,8,0,,,,,,,,,,,,,,1280,0,256,0
15,1173,1542,Unknown PDO,8,0,,,,,,,,,,,,,,,,,
15,1175,1414,Unknown PDO,8,0,,,,,,,,,,,,,,,,,
15,1177,390,PDO1,8,0,34576,256,512,-7404,,,,,,,,,,,,,
15,1177,646,PDO2,8,0,,,,,-257,0,0,0,,,,,,,,,
15,1177,902,PDO3,8,0,,,,,,,,,0,0,28672,16888,0,,,,
15,1178,1158,PDO4,8,0,,,,,,,,,,,,,,1280,256,256,0
15,1190,1542,Unknown PDO,8,0,,,,,,,,,,,,,,,,,
15,1191,1414,Unknown PDO,8,0,,,,,,,,,,,,,,,,,
15,1197,390,PDO1,8,0,34576,0,256,-7404,,,,,,,,,,,,,
15,1197,646,PDO2,8,0,,,,,0,0,0,0,,,,,,,,,
15,1198,902,PDO3,8,0,,,,,,,,,0,0,12288,16888,0,,,,
15,1199,1158,PDO4,8,0,,,,,,,,,,,,,,1280,-1,768,0
15,1209,1542,Unknown PDO,8,0,,,,,,,,,,,,,,,,,
15,1211,1414,Unknown PDO,8,0,,,,,,,,,,,,,,,,,
15,1217,390,PDO1,8,0,34576,0,512,-7404,,,,,,,,,,,,,
15,1217,646,PDO2,8,0,,,,,0,0,0,0,,,,,,,,,
15,1218,902,PDO3,8,0,,,,,,,,,0,0,32256,16888,0,,,,
15,1218,1158,PDO4,8,0,,,,,,,,,,,,,,1280,256,-1,0
15,1219,1542,Unknown PDO,8,0,,,,,,,,,,,,,,,,,
15,1221,1414,Unknown PDO,8,0,,,,,,,,,,,,,,,,,
15,1238,390,PDO1,8,0,34576,-1,512,-7404,,,,,,,,,,,,,
15,1238,646,PDO2,8,0,,,,,-257,0,0,0,,,,,,,,,
15,1238,902,PDO3,8,0,,,,,,,,,0,0,18688,16888,0,,,,
15,1238,1158,PDO4,8,0,,,,,,,,,,,,,,1280,0,0,0
15,1239,1414,Unknown PDO,8,0,,,,,,,,,,,,,,,,,
15,1239,1542,Unknown PDO,8,0,,,,,,,,,,,,,,,,,
15,1256,1542,Unknown PDO,8,0,,,,,,,,,,,,,,,,,
15,1258,390,PDO1,8,0,34576,512,256,-6892,,,,,,,,,,,,,
15,1258,646,PDO2,8,0,,,,,0,0,0,0,,,,,,,,,
15,1259,902,PDO3,8,0,,,,,,,,,0,0,19712,16888,0,,,,
15,1260,1158,PDO4,8,0,,,,,,,,,,,,,,1280,0,256,0
15,1260,1414,Unknown PDO,8,0,,,,,,,,,,,,,,,,,
15,1261,1542,Unknown PDO,8,0,,,,,,,,,,,,,,,,,
15,1262,1414,Unknown PDO,8,0,,,,,,,,,,,,,,,,,
15,1263,1542,Unknown PDO,8,0,,,,,,,,,,,,,,,,,
15,1264,1414,Unknown PDO,8,0,,,,,,,,,,,,,,,,,
15,1267,1542,Unknown PDO,8,0,,,,,,,,,,,,,,,,,
15,1268,1414,Unknown PDO,8,0,,,,,,,,,,,,,,,,,
15,1278,390,PDO1,8,0,34576,768,512,-7404,,,,,,,,,,,,,
15,1278,646,PDO2,8,0,,,,,512,0,0,0,,,,,,,,,
15,1279,902,PDO3,8,0,,,,,,,,,0,0,26880,16888,0,,,,
15,1280,1158,PDO4,8,0,,,,,,,,,,,,,,1280,0,-257,0
15,1288,1542,Unknown PDO,8,0,,,,,,,,,,,,,,,,,
15,1290,1414,Unknown PDO,8,0,,,,,,,,,,,,,,,,,
15,1299,390,PDO1,8,0,34576,256,512,-7404,,,,,,,,,,,,,
15,1299,646,PDO2,8,0,,,,,-1025,0,0,0,,,,,,,,,
15,1300,902,PDO3,8,0,,,,,,,,,0,0,15360,16888,0,,,,
15,1300,1158,PDO4,8,0,,,,,,,,,,,,,,1280,0,-257,0
15,1303,1542,Unknown PDO,8,0,,,,,,,,,,,,,,,,,
15,1305,1414,Unknown PDO,8,0,,,,,,,,,,,,,,,,,
15,1319,390,PDO1,8,0,34576,-1,256,-7404,,,,,,,,,,,,,
15,1319,646,PDO2,8,0,,,,,-1,0,0,0,,,,,,,,,
15,1320,902,PDO3,8,0,,,,,,,,,0,0,24064,16888,0,,,,
15,1320,1158,PDO4,8,0,,,,,,,,,,,,,,1280,0,256,0
15,1321,1542,Unknown PDO,8,0,,,,,,,,,,,,,,,,,
15,1322,1414,Unknown PDO,8,0,,,,,,,,,,,,,,,,,
15,1335,1542,Unknown PDO,8,0,,,,,,,,,,,,,,,,,
15,1336,1414,Unknown PDO,8,0,,,,,,,,,,,,,,,,,
15,1340,390,PDO1,8,0,34576,0,512,-7404,,,,,,,,,,,,,
15,1340,646,PDO2,8,0,,,,,-257,0,0,0,,,,,,,,,
15,1341,902,PDO3,8,0,,,,,,,,,0,0,-27392,16888,0,,,,
15,1342,1158,PDO4,8,0,,,,,,,,,,,,,,1280,0,512,0
15,1351,1542,Unknown PDO,8,0,,,,,,,,,,,,,,,,,
15,1352,1414,Unknown PDO,8,0,,,,,,,,,,,,,,,,,
15,1360,390,PDO1,8,0,34576,-257,512,-7404,,,,,,,,,,,,,
15,1361,646,PDO2,8,0,,,,,512,0,0,0,,,,,,,,,
15,1361,902,PDO3,8,0,,,,,,,,,0,0,17152,16888,0,,,,
15,1362,1158,PDO4,8,0,,,,,,,,,,,,,,1280,-1,-257,0
15,1367,1542,Unknown PDO,8,0,,,,,,,,,,,,,,,,,
15,1369,1414,Unknown PDO,8,0,,,,,,,,,,,,,,,,,
15,1381,390,PDO1,8,0,34576,-1,512,-7404,,,,,,,,,,,,,
15,1381,646,PDO2,8,0,,,,,0,0,0,0,,,,,,,,,
15,1382,902,PDO3,8,0,,,,,,,,,0,0,19968,16888,0,,,,
15,1382,1158,PDO4,8,0,,,,,,,,,,,,,,1280,0,-1,0
15,1385,1542,Unknown PDO,8,0,,,,,,,,,,,,,,,,,
15,1387,1414,Unknown PDO,8,0,,,,,,,,,,,,,,,,,
15,1388,1542,Unknown PDO,8,0,,,,,,,,,,,,,,,,,
15,1389,1414,Unknown PDO,8,0,,,,,,,,,,,,,,,,,
15,1390,1542,Unknown PDO,8,0,,,,,,,,,,,,,,,,,
15,1391,1414,Unknown PDO,8,0,,,,,,,,,,,,,,,,,
15,1392,1542,Unknown PDO,8,0,,,,,,,,,,,,,,,,,
15,1394,1414,Unknown PDO,8,0,,,,,,,,,,,,,,,,,
15,1395,1414,Unknown PDO,8,0,,,,,,,,,,,,,,,,,
15,1395,1542,Unknown PDO,8,0,,,,,,,,,,,,,,,,,
15,1396,1542,Unknown PDO,8,0,,,,,,,,,,,,,,,,,
15,1397,1414,Unknown PDO,8,0,,,,,,,,,,,,,,,,,
15,1402,390,PDO1,8,0,34576,-257,512,-7404,,,,,,,,,,,,,
15,1402,646,PDO2,8,0,,,,,0,0,0,0,,,,,,,,,
15,1402,902,PDO3,8,0,,,,,,,,,0,0,19200,16888,0,,,,
15,1403,1158,PDO4,8,0,,,,,,,,,,,,,,1280,0,0,0
15,1405,1414,Unknown PDO,8,0,,,,,,,,,,,,,,,,,
15,1405,1542,Unknown PDO,8,0,,,,,,,,,,,,,,,,,
15,1422,390,PDO1,8,0,34576,0,512,-7916,,,,,,,,,,,,,
15,1422,646,PDO2,8,0,,,,,-513,0,0,0,,,,,,,,,
15,1422,902,PDO3,8,0,,,,,,,,,0,0,23552,16888,0,,,,
15,1424,1158,PDO4,8,0,,,,,,,,,,,,,,1280,256,256,0
15,1426,1542,Unknown PDO,8,0,,,,,,,,,,,,,,,,,
15,1428,1414,Unknown PDO,8,0,,,,,,,,,,,,,,,,,
15,1437,1542,Unknown PDO,8,0,,,,,,,,,,,,,,,,,
15,1438,1414,Unknown PDO,8,0,,,,,,,,,,,,,,,,,
15,1443,390,PDO1,8,0,34576,0,512,-6892,,,,,,,,,,,,,
15,1443,646,PDO2,8,0,,,,,768,0,0,0,,,,,,,,,
15,1443,902,PDO3,8,0,,,,,,,,,0,0,18944,16888,0,,,,
15,1443,1158,PDO4,8,0,,,,,,,,,,,,,,1280,-1,-1,0
15,1457,1542,Unknown PDO,8,0,,,,,,,,,,,,,,,,,
15,1459,1414,Unknown PDO,8,0,,,,,,,,,,,,,,,,,
15,1464,390,PDO1,8,0,34576,-769,512,-7404,,,,,,,,,,,,,
15,1464,646,PDO2,8,0,,,,,0,0,0,0,,,,,,,,,
15,1465,902,PDO3,8,0,,,,,,,,,0,0,22016,16888,0,,,,
15,1465,1158,PDO4,8,0,,,,,,,,,,,,,,1280,0,256,0
15,1469,1414,Unknown PDO,8,0,,,,,,,,,,,,,,,,,
15,1469,1542,Unknown PDO,8,0,,,,,,,,,,,,,,,,,
15,1485,390,PDO1,8,0,34576,512,512,-7404,,,,,,,,,,,,,
15,1485,646,PDO2,8,0,,,,,512,0,0,0,,,,,,,,,
15,1485,902,PDO3,8,0,,,,,,,,,0,0,21248,16888,0,,,,
15,1486,1158,PDO4,8,0,,,,,,,,,,,,,,1280,0,512,0
15,1490,1542,Unknown PDO,8,0,,,,,,,,,,,,,,,,,
15,1491,1414,Unknown PDO,8,0,,,,,,,,,,,,,,,,,
15,1504,390,PDO1,8,0,34576,-257,512,-7404,,,,,,,,,,,,,
15,1505,646,PDO2,8,0,,,,,-1025,0,0,0,,,,,,,,,
15,1505,902,PDO3,8,0,,,,,,,,,0,0,22016,16888,0,,,,
15,1506,1158,PDO4,8,0,,,,,,,,,,,,,,1280,0,768,0
15,1507,1542,Unknown PDO,8,0,,,,,,,,,,,,,,,,,
15,1508,1414,Unknown PDO,8,0,,,,,,,,,,,,,,,,,
15,1509,1542,Unknown PDO,8,0,,,,,,,,,,,,,,,,,
15,1510,1414,Unknown PDO,8,0,,,,,,,,,,,,,,,,,
15,1511,1542,Unknown PDO,8,0,,,,,,,,,,,,,,,,,
15,1512,1414,Unknown PDO,8,0,,,,,,,,,,,,,,,,,
15,1513,1542,Unknown PDO,8,0,,,,,,,,,,,,,,,,,
15,1514,1414,Unknown PDO,8,0,,,,,,,,,,,,,,,,,
15,1515,1542,Unknown PDO,8,0,,,,,,,,,,,,,,,,,
15,1516,1414,Unknown PDO,8,0,,,,,,,,,,,,,,,,,
15,1517,1542,Unknown PDO,8,0,,,,,,,,,,,,,,,,,
15,1518,1414,Unknown PDO,8,0,,,,,,,,,,,,,,,,,
15,1519,1542,Unknown PDO,8,0,,,,,,,,,,,,,,,,,
15,1520,1414,Unknown PDO,8,0,,,,,,,,,,,,,,,,,
15,1525,390,PDO1,8,0,34576,512,512,-7404,,,,,,,,,,,,,
15,1526,646,PDO2,8,0,,,,,0,0,0,0,,,,,,,,,
15,1526,902,PDO3,8,0,,,,,,,,,0,0,19712,16888,0,,,,
15,1526,1158,PDO4,8,0,,,,,,,,,,,,,,1280,0,-1,0
15,1540,1542,Unknown PDO,8,0,,,,,,,,,,,,,,,,,
15,1541,1414,Unknown PDO,8,0,,,,,,,,,,,,,,,,,
15,1544,390,PDO1,8,0,34576,-1,512,-7404,,,,,,,,,,,,,
15,1545,646,PDO2,8,0,,,,,0,0,0,0,,,,,,,,,
15,1545,902,PDO3,8,0,,,,,,,,,0,0,25344,16888,0,,,,
15,1545,1158,PDO4,8,0,,,,,,,,,,,,,,1280,-1,-257,0
15,1554,1414,Unknown PDO,8,0,,,,,,,,,,,,,,,,,
15,1554,1542,Unknown PDO,8,0,,,,,,,,,,,,,,,,,
15,1565,390,PDO1,8,0,34576,-257,512,-7404,,,,,,,,,,,,,
15,1565,646,PDO2,8,0,,,,,0,0,0,0,,,,,,,,,
15,1566,902,PDO3,8,0,,,,,,,,,0,0,18432,16888,0,,,,
15,1566,1158,PDO4,8,0,,,,,,,,,,,,,,1280,0,-1,0
15,1570,1542,Unknown PDO,8,0,,,,,,,,,,,,,,,,,
15,1573,1414,Unknown PDO,8,0,,,,,,,,,,,,,,,,,
15,1586,390,PDO1,8,0,34576,0,512,-7404,,,,,,,,,,,,,
15,1586,646,PDO2,8,0,,,,,0,0,0,0,,,,,,,,,
15,1586,902,PDO3,8,0,,,,,,,,,0,0,16640,16888,0,,,,
15,1586,1542,Unknown PDO,8,0,,,,,,,,,,,,,,,,,
15,1587,1158,PDO4,8,0,,,,,,,,,,,,,,1280,-1,0,0
15,1587,1414,Unknown PDO,8,0,,,,,,,,,,,,,,,,,
15,1606,390,PDO1,8,0,34576,0,768,-6892,,,,,,,,,,,,,
15,1606,646,PDO2,8,0,,,,,0,0,0,0,,,,,,,,,
15,1606,902,PDO3,8,0,,,,,,,,,0,0,32000,16632,0,,,,
15,1607,1158,PDO4,8,0,,,,,,,,,,,,,,1280,-1,512,0
15,1626,390,PDO1,8,0,34576,-257,512,-7404,,,,,,,,,,,,,
15,1626,646,PDO2,8,0,,,,,0,0,0,0,,,,,,,,,
15,1627,902,PDO3,8,0,,,,,,,,,0,0,20224,16632,0,,,,
15,1628,1158,PDO4,8,0,,,,,,,,,,,,,,1280,256,-1,0
15,1646,390,PDO1,8,0,34576,512,256,-7404,,,,,,,,,,,,,
15,1647,646,PDO2,8,0,,,,,0,0,0,0,,,,,,,,,
15,1647,902,PDO3,8,0,,,,,,,,,0,0,19456,16632,0,,,,
15,1647,1158,PDO4,8,0,,,,,,,,,,,,,,1280,0,-1,0
15,1667,390,PDO1,8,0,33552,0,0,-9964,,,,,,,,,,,,,
15,1667,646,PDO2,8,0,,,,,1024,0,0,0,,,,,,,,,
15,1667,902,PDO3,8,0,,,,,,,,,0,0,2816,16632,0,,,,
15,1668,1158,PDO4,8,0,,,,,,,,,,,,,,1280,0,0,0
15,1687,390,PDO1,8,0,33552,1024,0,-9964,,,,,,,,,,,,,
15,1687,646,PDO2,8,0,,,,,0,0,0,0,,,,,,,,,
15,1687,902,PDO3,8,0,,,,,,,,,0,0,2560,16632,0,,,,
15,1688,1158,PDO4,8,0,,,,,,,,,,,,,,1280,0,0,0
15,1707,390,PDO1,8,0,33552,512,0,-9964,,,,,,,,,,,,,
15,1707,646,PDO2,8,0,,,,,-1,0,0,0,,,,,,,,,
15,1707,902,PDO3,8,0,,,,,,,,,0,0,768,16632,0,,,,
15,1708,1158,PDO4,8,0,,,,,,,,,,,,,,1280,0,0,0
15,1727,390,PDO1,8,0,33552,1024,0,-9452,,,,,,,,,,,,,
15,1727,646,PDO2,8,0,,,,,-1,0,0,0,,,,,,,,,
15,1727,902,PDO3,8,0,,,,,,,,,0,0,1280,16632,0,,,,
15,1728,1158,PDO4,8,0,,,,,,,,,,,,,,1280,0,0,0
15,1730,1542,Unknown PDO,8,0,,,,,,,,,,,,,,,,,
15,1733,1414,Unknown PDO,8,0,,,,,,,,,,,,,,,,,
15,1747,390,PDO1,8,0,33552,512,0,-9964,,,,,,,,,,,,,
15,1747,646,PDO2,8,0,,,,,-1537,0,0,0,,,,,,,,,
15,1747,902,PDO3,8,0,,,,,,,,,0,0,2304,16632,0,,,,
15,1748,1542,Unknown PDO,8,0,,,,,,,,,,,,,,,,,
15,1749,1158,PDO4,8,0,,,,,,,,,,,,,,1280,0,0,0
15,1749,1414,Unknown PDO,8,0,,,,,,,,,,,,,,,,,
15,1750,1542,Unknown PDO,8,0,,,,,,,,,,,,,,,,,
15,1751,1414,Unknown PDO,8,0,,,,,,,,,,,,,,,,,
15,1765,1414,Unknown PDO,8,0,,,,,,,,,,,,,,,,,
15,1765,1542,Unknown PDO,8,0,,,,,,,,,,,,,,,,,
15,1768,390,PDO1,8,0,33552,-513,0,-9964,,,,,,,,,,,,,
15,1768,646,PDO2,8,0,,,,,-769,0,0,0,,,,,,,,,
15,1768,902,PDO3,8,0,,,,,,,,,0,0,3328,16632,0,,,,
15,1768,1158,PDO4,8,0,,,,,,,,,,,,,,1280,0,0,0
15,1778,1542,Unknown PDO,8,0,,,,,,,,,,,,,,,,,
15,1779,1414,Unknown PDO,8,0,,,,,,,,,,,,,,,,,
15,1787,390,PDO1,8,0,33552,-257,0,-9964,,,,,,,,,,,,,
15,1788,646,PDO2,8,0,,,,,256,0,0,0,,,,,,,,,
15,1788,902,PDO3,8,0,,,,,,,,,0,0,4608,16632,0,,,,
15,1789,1158,PDO4,8,0,,,,,,,,,,,,,,1280,0,0,0
15,1808,390,PDO1,8,0,33552,0,0,-9964,,,,,,,,,,,,,
15,1808,646,PDO2,8,0,,,,,256,0,0,0,,,,,,,,,
15,1808,902,PDO3,8,0,,,,,,,,,0,0,4608,16632,0,,,,
15,1809,1158,PDO4,8,0,,,,,,,,,,,,,,1280,0,0,0
15,1827,1542,Unknown PDO,8,0,,,,,,,,,,,,,,,,,
15,1828,390,PDO1,8,0,33552,256,0,-9964,,,,,,,,,,,,,
15,1829,646,PDO2,8,0,,,,,-513,0,0,0,,,,,,,,,
15,1829,902,PDO3,8,0,,,,,,,,,0,0,1536,16632,0,,,,
15,1830,1158,PDO4,8,0,,,,,,,,,,,,,,1280,0,0,0
15,1830,1414,Unknown PDO,8,0,,,,,,,,,,,,,,,,,
15,1831,1542,Unknown PDO,8,0,,,,,,,,,,,,,,,,,
15,1832,1414,Unknown PDO,8,0,,,,,,,,,,,,,,,,,
15,1845,1542,Unknown PDO,8,0,,,,,,,,,,,,,,,,,
15,1846,1414,Unknown PDO,8,0,,,,,,,,,,,,,,,,,
15,1847,1542,Unknown PDO,8,0,,,,,,,,,,,,,,,,,
15,1848,390,PDO1,8,0,33552,-769,0,-9964,,,,,,,,,,,,,
15,1849,646,PDO2,8,0,,,,,-513,0,0,0,,,,,,,,,
15,1849,902,PDO3,8,0,,,,,,,,,0,0,2304,16632,0,,,,
15,1850,1158,PDO4,8,0,,,,,,,,,,,,,,1280,0,0,0
15,1850,1414,Unknown PDO,8,0,,,,,,,,,,,,,,,,,
15,1859,1542,Unknown PDO,8,0,,,,,,,,,,,,,,,,,
15,1860,1414,Unknown PDO,8,0,,,,,,,,,,,,,,,,,
15,1869,390,PDO1,8,0,33552,768,0,-9964,,,,,,,,,,,,,
15,1869,646,PDO2,8,0,,,,,-257,0,0,0,,,,,,,,,
15,1869,902,PDO3,8,0,,,,,,,,,0,0,2304,16632,0,,,,
15,1870,1158,PDO4,8,0,,,,,,,,,,,,,,1280,0,0,0
15,1880,1414,Unknown PDO,8,0,,,,,,,,,,,,,,,,,
15,1880,1542,Unknown PDO,8,0,,,,,,,,,,,,,,,,,
15,1881,1542,Unknown PDO,8,0,,,,,,,,,,,,,,,,,
15,1882,1414,Unknown PDO,8,0,,,,,,,,,,,,,,,,,
15,1889,390,PDO1,8,0,33552,256,0,-9964,,,,,,,,,,,,,
15,1889,646,PDO2,8,0,,,,,-1,0,0,0,,,,,,,,,
15,1889,902,PDO3,8,0,,,,,,,,,0,0,3072,16632,0,,,,
15,1890,1158,PDO4,8,0,,,,,,,,,,,,,,1280,0,0,0
15,1891,1542,Unknown PDO,8,0,,,,,,,,,,,,,,,,,
15,1893,1414,Unknown PDO,8,0,,,,,,,,,,,,,,,,,
15,1909,390,PDO1,8,0,33552,1280,0,-9964,,,,,,,,,,,,,
15,1909,646,PDO2,8,0,,,,,-1,0,0,0,,,,,,,,,
15,1910,902,PDO3,8,0,,,,,,,,,0,0,2304,16632,0,,,,
15,1910,1158,PDO4,8,0,,,,,,,,,,,,,,1280,0,0,0
15,1929,390,PDO1,8,0,33552,768,0,-9964,,,,,,,,,,,,,
15,1929,646,PDO2,8,0,,,,,-257,0,0,0,,,,,,,,,
15,1929,902,PDO3,8,0,,,,,,,,,0,0,4608,16632,0,,,,
15,1930,1158,PDO4,8,0,,,,,,,,,,,,,,1280,0,0,0
15,1949,390,PDO1,8,0,33552,512,0,-9964,,,,,,,,,,,,,
15,1949,646,PDO2,8,0,,,,,-1,0,0,0,,,,,,,,,
15,1949,902,PDO3,8,0,,,,,,,,,0,0,3072,16632,0,,,,
15,1950,1158,PDO4,8,0,,,,,,,,,,,,,,1280,0,0,0
15,1969,390,PDO1,8,0,33552,-1,0,-9964,,,,,,,,,,,,,
15,1969,646,PDO2,8,0,,,,,256,0,0,0,,,,,,,,,
15,1969,902,PDO3,8,0,,,,,,,,,0,0,2560,16632,0,,,,
15,1971,1158,PDO4,8,0,,,,,,,,,,,,,,1280,0,0,0
15,1989,390,PDO1,8,0,33552,-1,0,-9964,,,,,,,,,,,,,
15,1990,646,PDO2,8,0,,,,,-1,0,0,0,,,,,,,,,
15,1990,902,PDO3,8,0,,,,,,,,,0,0,2560,16632,0,,,,
15,1991,1158,PDO4,8,0,,,,,,,,,,,,,,1280,0,0,0
15,2010,390,PDO1,8,0,33552,768,0,-9964,,,,,,,,,,,,,
15,2010,646,PDO2,8,0,,,,,-1,0,0,0,,,,,,,,,
15,2010,902,PDO3,8,0,,,,,,,,,0,0,1024,16632,0,,,,
15,2012,1158,PDO4,8,0,,,,,,,,,,,,,,1280,0,0,0
15,2031,390,PDO1,8,0,33552,-513,0,-9964,,,,,,,,,,,,,
15,2031,646,PDO2,8,0,,,,,-1,0,0,0,,,,,,,,,
15,2031,902,PDO3,8,0,,,,,,,,,0,0,4608,16632,0,,,,
15,2032,1158,PDO4,8,0,,,,,,,,,,,,,,1280,0,0,0
15,2051,390,PDO1,8,0,33552,512,0,-9964,,,,,,,,,,,,,
15,2051,646,PDO2,8,0,,,,,-1,0,0,0,,,,,,,,,
15,2051,902,PDO3,8,0,,,,,,,,,0,0,1280,16632,0,,,,
15,2053,1158,PDO4,8,0,,,,,,,,,,,,,,1280,0,0,0
15,2071,390,PDO1,8,0,33552,512,0,-9964,,,,,,,,,,,,,
15,2071,646,PDO2,8,0,,,,,256,0,0,0,,,,,,,,,
15,2071,902,PDO3,8,0,,,,,,,,,0,0,6656,16632,0,,,,
15,2072,1158,PDO4,8,0,,,,,,,,,,,,,,1280,0,0,0
15,2091,390,PDO1,8,0,33552,512,0,-9964,,,,,,,,,,,,,
15,2091,646,PDO2,8,0,,,,,1024,0,0,0,,,,,,,,,
15,2091,902,PDO3,8,0,,,,,,,,,0,0,512,16632,0,,,,
15,2093,1158,PDO4,8,0,,,,,,,,,,,,,,1280,0,0,0
15,2111,390,PDO1,8,0,33552,512,0,-9964,,,,,,,,,,,,,
15,2111,646,PDO2,8,0,,,,,512,0,0,0,,,,,,,,,
15,2111,902,PDO3,8,0,,,,,,,,,0,0,3328,16632,0,,,,
15,2113,1158,PDO4,8,0,,,,,,,,,,,,,,1280,0,0,0
15,2131,390,PDO1,8,0,33552,1024,0,-9964,,,,,,,,,,,,,
15,2131,646,PDO2,8,0,,,,,512,0,0,0,,,,,,,,,
15,2131,902,PDO3,8,0,,,,,,,,,0,0,3840,16632,0,,,,
15,2133,1158,PDO4,8,0,,,,,,,,,,,,,,1280,0,0,0
15,2151,390,PDO1,8,0,33552,-1,0,-9964,,,,,,,,,,,,,
15,2151,646,PDO2,8,0,,,,,0,0,0,0,,,,,,,,,
15,2151,902,PDO3,8,0,,,,,,,,,0,0,1024,16632,0,,,,
15,2152,1158,PDO4,8,0,,,,,,,,,,,,,,1280,0,0,0
15,2172,390,PDO1,8,0,33552,-257,0,-9964,,,,,,,,,,,,,
15,2172,646,PDO2,8,0,,,,,-1,0,0,0,,,,,,,,,
15,2173,902,PDO3,8,0,,,,,,,,,0,0,1792,16632,0,,,,
15,2173,1158,PDO4,8,0,,,,,,,,,,,,,,1280,0,0,0
15,2192,390,PDO1,8,0,33552,-1,0,-9964,,,,,,,,,,,,,
15,2192,646,PDO2,8,0,,,,,-1,0,0,0,,,,,,,,,
15,2192,902,PDO3,8,0,,,,,,,,,0,0,3328,16632,0,,,,
15,2193,1158,PDO4,8,0,,,,,,,,,,,,,,1280,0,0,0
15,2200,1542,Unknown PDO,8,0,,,,,,,,,,,,,,,,,
15,2201,1414,Unknown PDO,8,0,,,,,,,,,,,,,,,,,
15,2212,390,PDO1,8,0,33552,0,0,-9964,,,,,,,,,,,,,
15,2212,646,PDO2,8,0,,,,,-1,0,0,0,,,,,,,,,
15,2213,902,PDO3,8,0,,,,,,,,,0,0,3072,16632,0,,,,
15,2214,1158,PDO4,8,0,,,,,,,,,,,,,,1280,0,0,0
15,2217,1542,Unknown PDO,8,0,,,,,,,,,,,,,,,,,
15,2218,1414,Unknown PDO,8,0,,,,,,,,,,,,,,,,,
15,2232,1542,Unknown PDO,8,0,,,,,,,,,,,,,,,,,
15,2233,390,PDO1,8,0,33552,0,0,-9452,,,,,,,,,,,,,
15,2233,646,PDO2,8,0,,,,,-257,0,0,0,,,,,,,,,
15,2233,902,PDO3,8,0,,,,,,,,,0,0,2048,16632,0,,,,
15,2235,1158,PDO4,8,0,,,,,,,,,,,,,,1280,0,0,0
15,2235,1414,Unknown PDO,8,0,,,,,,,,,,,,,,,,,
15,2250,1542,Unknown PDO,8,0,,,,,,,,,,,,,,,,,
15,2253,390,PDO1,8,0,33552,0,0,-9964,,,,,,,,,,,,,
15,2253,646,PDO2,8,0,,,,,256,0,0,0,,,,,,,,,
15,2254,902,PDO3,8,0,,,,,,,,,0,0,1536,16632,0,,,,
15,2254,1414,Unknown PDO,8,0,,,,,,,,,,,,,,,,,
15,2255,1158,PDO4,8,0,,,,,,,,,,,,,,1280,0,0,0
15,2263,1542,Unknown PDO,8,0,,,,,,,,,,,,,,,,,
15,2265,1414,Unknown PDO,8,0,,,,,,,,,,,,,,,,,
15,2273,390,PDO1,8,0,33552,-257,0,-9964,,,,,,,,,,,,,
15,2274,646,PDO2,8,0,,,,,-1,0,0,0,,,,,,,,,
15,2274,902,PDO3,8,0,,,,,,,,,0,0,768,16632,0,,,,
15,2274,1158,PDO4,8,0,,,,,,,,,,,,,,1280,0,0,0
15,2282,1542,Unknown PDO,8,0,,,,,,,,,,,,,,,,,
15,2283,1414,Unknown PDO,8,0,,,,,,,,,,,,,,,,,
15,2284,1542,Unknown PDO,8,0,,,,,,,,,,,,,,,,,
15,2285,1414,Unknown PDO,8,0,,,,,,,,,,,,,,,,,
15,2286,1542,Unknown PDO,8,0,,,,,,,,,,,,,,,,,
15,2287,1414,Unknown PDO,8,0,,,,,,,,,,,,,,,,,
15,2294,390,PDO1,8,0,33552,-513,0,-9964,,,,,,,,,,,,,
15,2294,646,PDO2,8,0,,,,,-1,0,0,0,,,,,,,,,
15,2294,902,PDO3,8,0,,,,,,,,,0,0,2560,16632,0,,,,
15,2295,1158,PDO4,8,0,,,,,,,,,,,,,,1280,0,0,0
15,2295,1414,Unknown PDO,8,0,,,,,,,,,,,,,,,,,
15,2295,1542,Unknown PDO,8,0,,,,,,,,,,,,,,,,,
15,2313,1542,Unknown PDO,8,0,,,,,,,,,,,,,,,,,
15,2315,390,PDO1,8,0,33552,-257,0,-9964,,,,,,,,,,,,,
15,2315,646,PDO2,8,0,,,,,-257,0,0,0,,,,,,,,,
15,2315,902,PDO3,8,0,,,,,,,,,0,0,1280,16632,0,,,,
15,2315,1414,Unknown PDO,8,0,,,,,,,,,,,,,,,,,
15,2316,1158,PDO4,8,0,,,,,,,,,,,,,,1280,0,0,0
15,2330,1414,Unknown PDO,8,0,,,,,,,,,,,,,,,,,
15,2330,1542,Unknown PDO,8,0,,,,,,,,,,,,,,,,,
15,2335,390,PDO1,8,0,33552,256,0,-9964,,,,,,,,,,,,,
15,2335,646,PDO2,8,0,,,,,0,0,0,0,,,,,,,,,
15,2336,902,PDO3,8,0,,,,,,,,,0,0,2560,16632,0,,,,
15,2337,1158,PDO4,8,0,,,,,,,,,,,,,,1280,0,0,0
15,2345,1542,Unknown PDO,8,0,,,,,,,,,,,,,,,,,
15,2347,1414,Unknown PDO,8,0,,,,,,,,,,,,,,,,,
15,2355,390,PDO1,8,0,33552,-257,0,-10476,,,,,,,,,,,,,
15,2355,646,PDO2,8,0,,,,,512,0,0,0,,,,,,,,,
15,2356,902,PDO3,8,0,,,,,,,,,0,0,1536,16632,0,,,,
15,2357,1158,PDO4,8,0,,,,,,,,,,,,,,1280,0,0,0
15,2371,1542,Unknown PDO,8,0,,,,,,,,,,,,,,,,,
15,2373,1414,Unknown PDO,8,0,,,,,,,,,,,,,,,,,
15,2375,390,PDO1,8,0,33552,256,0,-9452,,,,,,,,,,,,,
15,2375,646,PDO2,8,0,,,,,-1,0,0,0,,,,,,,,,
15,2376,902,PDO3,8,0,,,,,,,,,0,0,1536,16632,0,,,,
15,2377,1158,PDO4,8,0,,,,,,,,,,,,,,1280,0,0,0
15,2386,1542,Unknown PDO,8,0,,,,,,,,,,,,,,,,,
15,2387,1414,Unknown PDO,8,0,,,,,,,,,,,,,,,,,
15,2395,390,PDO1,8,0,33552,-257,0,-9964,,,,,,,,,,,,,
15,2395,646,PDO2,8,0,,,,,-1,0,0,0,,,,,,,,,
15,2396,902,PDO3,8,0,,,,,,,,,0,0,1536,16632,0,,,,
15,2397,1158,PDO4,8,0,,,,,,,,,,,,,,1280,0,0,0
15,2405,1542,Unknown PDO,8,0,,,,,,,,,,,,,,,,,
15,2407,1414,Unknown PDO,8,0,,,,,,,,,,,,,,,,,
15,2415,390,PDO1,8,0,33552,256,0,-9964,,,,,,,,,,,,,
15,2415,646,PDO2,8,0,,,,,256,0,0,0,,,,,,,,,
15,2415,902,PDO3,8,0,,,,,,,,,0,0,3072,16632,0,,,,
15,2417,1158,PDO4,8,0,,,,,,,,,,,,,,1280,0,0,0
15,2418,1542,Unknown PDO,8,0,,,,,,,,,,,,,,,,,
15,2419,1414,Unknown PDO,8,0,,,,,,,,,,,,,,,,,
15,2419,1542,Unknown PDO,8,0,,,,,,,,,,,,,,,,,
15,2421,1414,Unknown PDO,8,0,,,,,,,,,,,,,,,,,
15,2421,1542,Unknown PDO,8,0,,,,,,,,,,,,,,,,,
15,2423,1414,Unknown PDO,8,0,,,,,,,,,,,,,,,,,
15,2423,1542,Unknown PDO,8,0,,,,,,,,,,,,,,,,,
15,2425,1414,Unknown PDO,8,0,,,,,,,,,,,,,,,,,
15,2425,1542,Unknown PDO,8,0,,,,,,,,,,,,,,,,,
15,2427,1414,Unknown PDO,8,0,,,,,,,,,,,,,,,,,
15,2427,1542,Unknown PDO,8,0,,,,,,,,,,,,,,,,,
15,2429,1414,Unknown PDO,8,0,,,,,,,,,,,,,,,,,
15,2432,1542,Unknown PDO,8,0,,,,,,,,,,,,,,,,,
15,2435,390,PDO1,8,0,33552,-257,0,-9964,,,,,,,,,,,,,
15,2435,646,PDO2,8,0,,,,,-1,0,0,0,,,,,,,,,
15,2436,902,PDO3,8,0,,,,,,,,,0,0,768,16632,0,,,,
15,2436,1158,PDO4,8,0,,,,,,,,,,,,,,1280,0,0,0
15,2437,1414,Unknown PDO,8,0,,,,,,,,,,,,,,,,,
15,2450,1542,Unknown PDO,8,0,,,,,,,,,,,,,,,,,
15,2451,1414,Unknown PDO,8,0,,,,,,,,,,,,,,,,,
15,2455,390,PDO1,8,0,33552,768,0,-9964,,,,,,,,,,,,,
15,2455,646,PDO2,8,0,,,,,-1,0,0,0,,,,,,,,,
15,2456,902,PDO3,8,0,,,,,,,,,0,0,2304,16632,0,,,,
15,2457,1158,PDO4,8,0,,,,,,,,,,,,,,1280,0,0,0
15,2468,1542,Unknown PDO,8,0,,,,,,,,,,,,,,,,,
15,2471,1414,Unknown PDO,8,0,,,,,,,,,,,,,,,,,
15,2475,390,PDO1,8,0,33552,-257,0,-9964,,,,,,,,,,,,,
15,2475,646,PDO2,8,0,,,,,-1,0,0,0,,,,,,,,,
15,2475,902,PDO3,8,0,,,,,,,,,0,0,1792,16632,0,,,,
15,2477,1158,PDO4,8,0,,,,,,,,,,,,,,1280,0,0,0
15,2481,1542,Unknown PDO,8,0,,,,,,,,,,,,,,,,,
15,2483,1414,Unknown PDO,8,0,,,,,,,,,,,,,,,,,
15,2495,390,PDO1,8,0,33552,-1,0,-9964,,,,,,,,,,,,,
15,2495,646,PDO2,8,0,,,,,-1,0,0,0,,,,,,,,,
15,2496,902,PDO3,8,0,,,,,,,,,0,0,1280,16632,0,,,,
15,2497,1158,PDO4,8,0,,,,,,,,,,,,,,1280,0,0,0
15,2500,1542,Unknown PDO,8,0,,,,,,,,,,,,,,,,,
15,2501,1414,Unknown PDO,8,0,,,,,,,,,,,,,,,,,
15,2515,390,PDO1,8,0,33552,-513,0,-9964,,,,,,,,,,,,,
15,2516,646,PDO2,8,0,,,,,256,0,0,0,,,,,,,,,
15,2516,902,PDO3,8,0,,,,,,,,,0,0,4864,16632,0,,,,
15,2517,1158,PDO4,8,0,,,,,,,,,,,,,,1280,0,0,0
15,2517,1414,Unknown PDO,8,0,,,,,,,,,,,,,,,,,
15,2517,1542,Unknown PDO,8,0,,,,,,,,,,,,,,,,,
15,2533,1542,Unknown PDO,8,0,,,,,,,,,,,,,,,,,
15,2534,1414,Unknown PDO,8,0,,,,,,,,,,,,,,,,,
15,2535,1542,Unknown PDO,8,0,,,,,,,,,,,,,,,,,
15,2536,390,PDO1,8,0,33552,-1,0,-9964,,,,,,,,,,,,,
15,2537,646,PDO2,8,0,,,,,1024,0,0,0,,,,,,,,,
15,2537,902,PDO3,8,0,,,,,,,,,0,0,2304,16632,0,,,,
15,2538,1158,PDO4,8,0,,,,,,,,,,,,,,1280,0,0,0
15,2538,1414,Unknown PDO,8,0,,,,,,,,,,,,,,,,,
15,2539,1542,Unknown PDO,8,0,,,,,,,,,,,,,,,,,
15,2540,1414,Unknown PDO,8,0,,,,,,,,,,,,,,,,,
15,2541,1542,Unknown PDO,8,0,,,,,,,,,,,,,,,,,
15,2542,1414,Unknown PDO,8,0,,,,,,,,,,,,,,,,,
15,2543,1542,Unknown PDO,8,0,,,,,,,,,,,,,,,,,
15,2544,1414,Unknown PDO,8,0,,,,,,,,,,,,,,,,,
15,2545,1542,Unknown PDO,8,0,,,,,,,,,,,,,,,,,
15,2546,1414,Unknown PDO,8,0,,,,,,,,,,,,,,,,,
15,2548,1542,Unknown PDO,8,0,,,,,,,,,,,,,,,,,
15,2550,1414,Unknown PDO,8,0,,,,,,,,,,,,,,,,,
15,2557,390,PDO1,8,0,33552,0,0,-10476,,,,,,,,,,,,,
15,2557,646,PDO2,8,0,,,,,-1,0,0,0,,,,,,,,,
15,2558,902,PDO3,8,0,,,,,,,,,0,0,1792,16632,0,,,,
15,2558,1158,PDO4,8,0,,,,,,,,,,,,,,1280,0,0,0
15,2567,1542,Unknown PDO,8,0,,,,,,,,,,,,,,,,,
15,2569,1414,Unknown PDO,8,0,,,,,,,,,,,,,,,,,
15,2577,390,PDO1,8,0,33552,256,0,-9452,,,,,,,,,,,,,
15,2577,646,PDO2,8,0,,,,,-257,0,0,0,,,,,,,,,
15,2577,902,PDO3,8,0,,,,,,,,,0,0,2560,16632,0,,,,
15,2578,1158,PDO4,8,0,,,,,,,,,,,,,,1280,0,0,0
15,2584,1542,Unknown PDO,8,0,,,,,,,,,,,,,,,,,
15,2587,1414,Unknown PDO,8,0,,,,,,,,,,,,,,,,,
15,2594,1542,Unknown PDO,8,0,,,,,,,,,,,,,,,,,
15,2595,1414,Unknown PDO,8,0,,,,,,,,,,,,,,,,,
15,2597,390,PDO1,8,0,33552,0,0,-9964,,,,,,,,,,,,,
15,2598,646,PDO2,8,0,,,,,-513,0,0,0,,,,,,,,,
15,2598,902,PDO3,8,0,,,,,,,,,0,0,2560,16632,0,,,,
15,2598,1158,PDO4,8,0,,,,,,,,,,,,,,1280,0,0,0
15,2611,1542,Unknown PDO,8,0,,,,,,,,,,,,,,,,,
15,2613,1414,Unknown PDO,8,0,,,,,,,,,,,,,,,,,
15,2617,390,PDO1,8,0,33552,256,0,-9964,,,,,,,,,,,,,
15,2618,646,PDO2,8,0,,,,,256,0,0,0,,,,,,,,,
15,2618,902,PDO3,8,0,,,,,,,,,0,0,3328,16632,0,,,,
15,2618,1158,PDO4,8,0,,,,,,,,,,,,,,1280,0,0,0
15,2638,390,PDO1,8,0,33552,-257,0,-9964,,,,,,,,,,,,,
15,2639,646,PDO2,8,0,,,,,256,0,0,0,,,,,,,,,
15,2639,902,PDO3,8,0,,,,,,,,,0,0,768,16632,0,,,,
15,2639,1158,PDO4,8,0,,,,,,,,,,,,,,1280,0,0,0
15,2658,390,PDO1,8,0,33552,1024,0,-9964,,,,,,,,,,,,,
15,2658,646,PDO2,8,0,,,,,-257,0,0,0,,,,,,,,,
15,2659,902,PDO3,8,0,,,,,,,,,0,0,3328,16632,0,,,,
15,2660,1158,PDO4,8,0,,,,,,,,,,,,,,1280,0,0,0
15,2678,390,PDO1,8,0,33552,-257,0,-9964,,,,,,,,,,,,,
15,2678,646,PDO2,8,0,,,,,512,0,0,0,,,,,,,,,
15,2679,902,PDO3,8,0,,,,,,,,,0,0,5120,16632,0,,,,
15,2680,1158,PDO4,8,0,,,,,,,,,,,,,,1280,0,0,0
15,2698,390,PDO1,8,0,33552,-257,0,-9964,,,,,,,,,,,,,
15,2698,646,PDO2,8,0,,,,,-1,0,0,0,,,,,,,,,
15,2699,902,PDO3,8,0,,,,,,,,,0,0,1280,16632,0,,,,
15,2700,1158,PDO4,8,0,,,,,,,,,,,,,,1280,0,0,0
15,2719,390,PDO1,8,0,33552,512,0,-9964,,,,,,,,,,,,,
15,2719,646,PDO2,8,0,,,,,-1,0,0,0,,,,,,,,,
15,2719,902,PDO3,8,0,,,,,,,,,0,0,2304,16632,0,,,,
15,2720,1158,PDO4,8,0,,,,,,,,,,,,,,1280,0,0,0
15,2739,390,PDO1,8,0,33552,512,0,-9964,,,,,,,,,,,,,
15,2739,646,PDO2,8,0,,,,,1024,0,0,0,,,,,,,,,
15,2739,902,PDO3,8,0,,,,,,,,,0,0,768,16632,0,,,,
15,2740,1158,PDO4,8,0,,,,,,,,,,,,,,1280,0,0,0
15,2759,390,PDO1,8,0,33552,768,0,-9964,,,,,,,,,,,,,
15,2760,646,PDO2,8,0,,,,,1024,0,0,0,,,,,,,,,
15,2760,902,PDO3,8,0,,,,,,,,,0,0,2304,16632,0,,,,
15,2761,1158,PDO4,8,0,,,,,,,,,,,,,,1280,0,0,0
15,2773,1542,Unknown PDO,8,0,,,,,,,,,,,,,,,,,
15,2775,1414,Unknown PDO,8,0,,,,,,,,,,,,,,,,,
15,2779,390,PDO1,8,0,33552,0,0,-9964,,,,,,,,,,,,,
15,2780,646,PDO2,8,0,,,,,-1,0,0,0,,,,,,,,,
15,2780,902,PDO3,8,0,,,,,,,,,0,0,3584,16632,0,,,,
15,2780,1158,PDO4,8,0,,,,,,,,,,,,,,1280,0,0,0
15,2798,1542,Unknown PDO,8,0,,,,,,,,,,,,,,,,,
15,2799,390,PDO1,8,0,33552,-257,0,-9964,,,,,,,,,,,,,
15,2800,646,PDO2,8,0,,,,,-1025,0,0,0,,,,,,,,,
15,2800,902,PDO3,8,0,,,,,,,,,0,0,4608,16632,0,,,,
15,2800,1158,PDO4,8,0,,,,,,,,,,,,,,1280,0,0,0
15,2801,1414,Unknown PDO,8,0,,,,,,,,,,,,,,,,,
15,2802,1542,Unknown PDO,8,0,,,,,,,,,,,,,,,,,
15,2803,1414,Unknown PDO,8,0,,,,,,,,,,,,,,,,,
15,2812,1542,Unknown PDO,8,0,,,,,,,,,,,,,,,,,
15,2814,1414,Unknown PDO,8,0,,,,,,,,,,,,,,,,,
15,2819,390,PDO1,8,0,33552,-257,0,-9964,,,,,,,,,,,,,
15,2820,646,PDO2,8,0,,,,,256,0,0,0,,,,,,,,,
15,2820,902,PDO3,8,0,,,,,,,,,0,0,5376,16632,0,,,,
15,2820,1158,PDO4,8,0,,,,,,,,,,,,,,1280,0,0,0
15,2836,1542,Unknown PDO,8,0,,,,,,,,,,,,,,,,,
15,2838,1414,Unknown PDO,8,0,,,,,,,,,,,,,,,,,
15,2840,390,PDO1,8,0,33552,0,0,-9964,,,,,,,,,,,,,
15,2840,646,PDO2,8,0,,,,,256,0,0,0,,,,,,,,,
15,2841,902,PDO3,8,0,,,,,,,,,0,0,1024,16632,0,,,,
15,2842,1158,PDO4,8,0,,,,,,,,,,,,,,1280,0,0,0
15,2861,390,PDO1,8,0,33552,-257,0,-9964,,,,,,,,,,,,,
15,2861,646,PDO2,8,0,,,,,256,0,0,0,,,,,,,,,
15,2861,902,PDO3,8,0,,,,,,,,,0,0,2304,16632,0,,,,
15,2862,1158,PDO4,8,0,,,,,,,,,,,,,,1280,0,0,0
15,2881,390,PDO1,8,0,33552,-257,0,-9964,,,,,,,,,,,,,
15,2881,646,PDO2,8,0,,,,,-257,0,0,0,,,,,,,,,
15,2882,902,PDO3,8,0,,,,,,,,,0,0,4864,16632,0,,,,
15,2882,1158,PDO4,8,0,,,,,,,,,,,,,,1280,0,0,0
15,2887,1542,Unknown PDO,8,0,,,,,,,,,,,,,,,,,
15,2889,1414,Unknown PDO,8,0,,,,,,,,,,,,,,,,,
15,2890,1542,Unknown PDO,8,0,,,,,,,,,,,,,,,,,
15,2891,1414,Unknown PDO,8,0,,,,,,,,,,,,,,,,,
15,2901,390,PDO1,8,0,33552,-1,0,-9964,,,,,,,,,,,,,
15,2901,646,PDO2,8,0,,,,,256,0,0,0,,,,,,,,,
15,2902,902,PDO3,8,0,,,,,,,,,0,0,2304,16632,0,,,,
15,2903,1158,PDO4,8,0,,,,,,,,,,,,,,1280,0,0,0
15,2904,1542,Unknown PDO,8,0,,,,,,,,,,,,,,,,,
15,2905,1414,Unknown PDO,8,0,,,,,,,,,,,,,,,,,
15,2906,1542,Unknown PDO,8,0,,,,,,,,,,,,,,,,,
15,2907,1414,Unknown PDO,8,0,,,,,,,,,,,,,,,,,
15,2921,390,PDO1,8,0,33552,-1,0,-9964,,,,,,,,,,,,,
15,2921,646,PDO2,8,0,,,,,-257,0,0,0,,,,,,,,,
15,2921,902,PDO3,8,0,,,,,,,,,0,0,1536,16632,0,,,,
15,2922,1542,Unknown PDO,8,0,,,,,,,,,,,,,,,,,
15,2923,1158,PDO4,8,0,,,,,,,,,,,,,,1280,0,0,0
15,2923,1414,Unknown PDO,8,0,,,,,,,,,,,,,,,,,
15,2935,1542,Unknown PDO,8,0,,,,,,,,,,,,,,,,,
15,2937,1414,Unknown PDO,8,0,,,,,,,,,,,,,,,,,
15,2938,1542,Unknown PDO,8,0,,,,,,,,,,,,,,,,,
15,2939,1414,Unknown PDO,8,0,,,,,,,,,,,,,,,,,
15,2941,390,PDO1,8,0,33552,512,0,-9964,,,,,,,,,,,,,
15,2941,646,PDO2,8,0,,,,,-769,0,0,0,,,,,,,,,
15,2942,902,PDO3,8,0,,,,,,,,,0,0,2304,16632,0,,,,
15,2942,1158,PDO4,8,0,,,,,,,,,,,,,,1280,0,0,0
15,2954,1542,Unknown PDO,8,0,,,,,,,,,,,,,,,,,
15,2955,1414,Unknown PDO,8,0,,,,,,,,,,,,,,,,,
15,2962,390,PDO1,8,0,33552,0,0,-9964,,,,,,,,,,,,,
15,2962,646,PDO2,8,0,,,,,-769,0,0,0,,,,,,,,,
15,2962,902,PDO3,8,0,,,,,,,,,0,0,2048,16632,0,,,,
15,2963,1158,PDO4,8,0,,,,,,,,,,,,,,1280,0,0,0
15,2981,390,PDO1,8,0,33552,-257,0,-10476,,,,,,,,,,,,,
15,2982,646,PDO2,8,0,,,,,256,0,0,0,,,,,,,,,
15,2982,902,PDO3,8,0,,,,,,,,,0,0,2304,16632,0,,,,
15,2983,1158,PDO4,8,0,,,,,,,,,,,,,,1280,0,0,0
15,3001,390,PDO1,8,0,33552,0,0,-9964,,,,,,,,,,,,,
15,3002,646,PDO2,8,0,,,,,-1,0,0,0,,,,,,,,,
15,3002,902,PDO3,8,0,,,,,,,,,0,0,1792,16632,0,,,,
15,3002,1158,PDO4,8,0,,,,,,,,,,,,,,1280,0,0,0
15,3022,390,PDO1,8,0,33552,0,0,-9964,,,,,,,,,,,,,
15,3023,646,PDO2,8,0,,,,,512,0,0,0,,,,,,,,,
15,3023,902,PDO3,8,0,,,,,,,,,0,0,2048,16632,0,,,,
15,3024,1158,PDO4,8,0,,,,,,,,,,,,,,1280,0,0,0
15,3043,390,PDO1,8,0,33552,256,0,-9964,,,,,,,,,,,,,
15,3043,646,PDO2,8,0,,,,,512,0,0,0,,,,,,,,,
15,3043,902,PDO3,8,0,,,,,,,,,0,0,2048,16632,0,,,,
15,3045,1158,PDO4,8,0,,,,,,,,,,,,,,1280,0,0,0
15,3063,390,PDO1,8,0,33552,256,0,-9964,,,,,,,,,,,,,
15,3063,646,PDO2,8,0,,,,,256,0,0,0,,,,,,,,,
15,3064,902,PDO3,8,0,,,,,,,,,0,0,1792,16632,0,,,,
15,3064,1158,PDO4,8,0,,,,,,,,,,,,,,1280,0,0,0
15,3083,390,PDO1,8,0,33552,0,0,-9964,,,,,,,,,,,,,
15,3084,646,PDO2,8,0,,,,,-769,0,0,0,,,,,,,,,
15,3084,902,PDO3,8,0,,,,,,,,,0,0,1792,16632,0,,,,
15,3085,1158,PDO4,8,0,,,,,,,,,,,,,,1280,0,0,0
15,3103,390,PDO1,8,0,33552,-1281,0,-9964,,,,,,,,,,,,,
15,3104,646,PDO2,8,0,,,,,-257,0,0,0,,,,,,,,,
15,3104,902,PDO3,8,0,,,,,,,,,0,0,1792,16632,0,,,,
15,3105,1158,PDO4,8,0,,,,,,,,,,,,,,1280,0,0,0
15,3124,390,PDO1,8,0,33552,-257,0,-9964,,,,,,,,,,,,,
15,3124,646,PDO2,8,0,,,,,-257,0,0,0,,,,,,,,,
15,3124,902,PDO3,8,0,,,,,,,,,0,0,1536,16632,0,,,,
15,3125,1158,PDO4,8,0,,,,,,,,,,,,,,1280,0,0,0
15,3143,390,PDO1,8,0,33552,256,0,-9964,,,,,,,,,,,,,
15,3144,646,PDO2,8,0,,,,,256,0,0,0,,,,,,,,,
15,3144,902,PDO3,8,0,,,,,,,,,0,0,2560,16632,0,,,,
15,3145,1158,PDO4,8,0,,,,,,,,,,,,,,1280,0,0,0
15,3163,390,PDO1,8,0,33552,0,0,-9452,,,,,,,,,,,,,
15,3164,646,PDO2,8,0,,,,,256,0,0,0,,,,,,,,,
15,3164,902,PDO3,8,0,,,,,,,,,0,0,5888,16632,0,,,,
15,3165,1158,PDO4,8,0,,,,,,,,,,,,,,1280,0,0,0
15,3183,390,PDO1,8,0,33552,0,0,-10476,,,,,,,,,,,,,
15,3184,646,PDO2,8,0,,,,,256,0,0,0,,,,,,,,,
15,3184,902,PDO3,8,0,,,,,,,,,0,0,2560,16632,0,,,,
15,3185,1158,PDO4,8,0,,,,,,,,,,,,,,1280,0,0,0
15,3203,390,PDO1,8,0,33552,0,0,-9964,,,,,,,,,,,,,
15,3204,646,PDO2,8,0,,,,,256,0,0,0,,,,,,,,,
15,3204,902,PDO3,8,0,,,,,,,,,0,0,3584,16632,0,,,,
15,3205,1158,PDO4,8,0,,,,,,,,,,,,,,1280,0,0,0
15,3224,390,PDO1,8,0,33552,256,0,-9964,,,,,,,,,,,,,
15,3224,646,PDO2,8,0,,,,,-1,0,0,0,,,,,,,,,
15,3224,902,PDO3,8,0,,,,,,,,,0,0,2560,16632,0,,,,
15,3226,1158,PDO4,8,0,,,,,,,,,,,,,,1280,0,0,0
15,3245,390,PDO1,8,0,33552,256,0,-9452,,,,,,,,,,,,,
15,3245,646,PDO2,8,0,,,,,256,0,0,0,,,,,,,,,
15,3245,902,PDO3,8,0,,,,,,,,,0,0,2304,16632,0,,,,
15,3246,1158,PDO4,8,0,,,,,,,,,,,,,,1280,0,0,0
15,3251,1542,Unknown PDO,8,0,,,,,,,,,,,,,,,,,
15,3252,1414,Unknown PDO,8,0,,,,,,,,,,,,,,,,,
15,3265,390,PDO1,8,0,33552,512,0,-9964,,,,,,,,,,,,,
15,3265,646,PDO2,8,0,,,,,-513,0,0,0,,,,,,,,,
15,3265,902,PDO3,8,0,,,,,,,,,0,0,2816,16632,0,,,,
15,3267,1158,PDO4,8,0,,,,,,,,,,,,,,1280,0,0,0
15,3268,1542,Unknown PDO,8,0,,,,,,,,,,,,,,,,,
15,3270,1414,Unknown PDO,8,0,,,,,,,,,,,,,,,,,
15,3285,390,PDO1,8,0,33552,512,0,-9964,,,,,,,,,,,,,
15,3285,646,PDO2,8,0,,,,,768,0,0,0,,,,,,,,,
15,3285,902,PDO3,8,0,,,,,,,,,0,0,4352,16632,0,,,,
15,3286,1158,PDO4,8,0,,,,,,,,,,,,,,1280,0,0,0
15,3286,1542,Unknown PDO,8,0,,,,,,,,,,,,,,,,,
15,3287,1414,Unknown PDO,8,0,,,,,,,,,,,,,,,,,
15,3301,1542,Unknown PDO,8,0,,,,,,,,,,,,,,,,,
15,3303,1414,Unknown PDO,8,0,,,,,,,,,,,,,,,,,
15,3305,390,PDO1,8,0,33552,256,0,-9964,,,,,,,,,,,,,
15,3305,646,PDO2,8,0,,,,,-769,0,0,0,,,,,,,,,
15,3305,902,PDO3,8,0,,,,,,,,,0,0,4352,16632,0,,,,
15,3306,1158,PDO4,8,0,,,,,,,,,,,,,,1280,0,0,0
15,3316,1542,Unknown PDO,8,0,,,,,,,,,,,,,,,,,
15,3317,1414,Unknown PDO,8,0,,,,,,,,,,,,,,,,,
15,3325,390,PDO1,8,0,33552,256,0,-9452,,,,,,,,,,,,,
15,3326,646,PDO2,8,0,,,,,-1,0,0,0,,,,,,,,,
15,3326,902,PDO3,8,0,,,,,,,,,0,0,5632,16632,0,,,,
15,3327,1158,PDO4,8,0,,,,,,,,,,,,,,1280,0,0,0
15,3336,1542,Unknown PDO,8,0,,,,,,,,,,,,,,,,,
15,3338,1414,Unknown PDO,8,0,,,,,,,,,,,,,,,,,
15,3338,1542,Unknown PDO,8,0,,,,,,,,,,,,,,,,,
15,3340,1414,Unknown PDO,8,0,,,,,,,,,,,,,,,,,
15,3340,1542,Unknown PDO,8,0,,,,,,,,,,,,,,,,,
15,3342,1414,Unknown PDO,8,0,,,,,,,,,,,,,,,,,
15,3346,390,PDO1,8,0,33552,256,0,-9964,,,,,,,,,,,,,
15,3346,646,PDO2,8,0,,,,,256,0,0,0,,,,,,,,,
15,3346,902,PDO3,8,0,,,,,,,,,0,0,3584,16632,0,,,,
15,3347,1542,Unknown PDO,8,0,,,,,,,,,,,,,,,,,
15,3348,1158,PDO4,8,0,,,,,,,,,,,,,,1280,0,0,0
15,3348,1414,Unknown PDO,8,0,,,,,,,,,,,,,,,,,
15,3367,390,PDO1,8,0,33552,0,0,-9964,,,,,,,,,,,,,
15,3367,646,PDO2,8,0,,,,,256,0,0,0,,,,,,,,,
15,3367,902,PDO3,8,0,,,,,,,,,0,0,2304,16632,0,,,,
15,3367,1542,Unknown PDO,8,0,,,,,,,,,,,,,,,,,
15,3369,1158,PDO4,8,0,,,,,,,,,,,,,,1280,0,0,0
15,3369,1414,Unknown PDO,8,0,,,,,,,,,,,,,,,,,
15,3384,1542,Unknown PDO,8,0,,,,,,,,,,,,,,,,,
15,3387,390,PDO1,8,0,33552,512,0,-9964,,,,,,,,,,,,,
15,3388,646,PDO2,8,0,,,,,-1,0,0,0,,,,,,,,,
15,3388,902,PDO3,8,0,,,,,,,,,0,0,2304,16632,0,,,,
15,3388,1158,PDO4,8,0,,,,,,,,,,,,,,1280,0,0,0
15,3389,1414,Unknown PDO,8,0,,,,,,,,,,,,,,,,,
15,3397,1542,Unknown PDO,8,0,,,,,,,,,,,,,,,,,
15,3398,1414,Unknown PDO,8,0,,,,,,,,,,,,,,,,,
15,3407,390,PDO1,8,0,33552,1280,0,-9964,,,,,,,,,,,,,
15,3407,646,PDO2,8,0,,,,,-1,0,0,0,,,,,,,,,
15,3407,902,PDO3,8,0,,,,,,,,,0,0,2048,16632,0,,,,
15,3408,1158,PDO4,8,0,,,,,,,,,,,,,,1280,0,0,0
15,3416,1414,Unknown PDO,8,0,,,,,,,,,,,,,,,,,
15,3416,1542,Unknown PDO,8,0,,,,,,,,,,,,,,,,,
15,3427,390,PDO1,8,0,33552,512,0,-9964,,,,,,,,,,,,,
15,3427,646,PDO2,8,0,,,,,-257,0,0,0,,,,,,,,,
15,3428,902,PDO3,8,0,,,,,,,,,0,0,2560,16632,0,,,,
15,3428,1158,PDO4,8,0,,,,,,,,,,,,,,1280,0,0,0
15,3436,1542,Unknown PDO,8,0,,,,,,,,,,,,,,,,,
15,3437,1414,Unknown PDO,8,0,,,,,,,,,,,,,,,,,
15,3445,1542,Unknown PDO,8,0,,,,,,,,,,,,,,,,,
15,3447,390,PDO1,8,0,33552,768,0,-9964,,,,,,,,,,,,,
15,3447,646,PDO2,8,0,,,,,256,0,0,0,,,,,,,,,
15,3447,902,PDO3,8,0,,,,,,,,,0,0,2560,16632,0,,,,
15,3447,1158,PDO4,8,0,,,,,,,,,,,,,,1280,0,0,0
15,3448,1414,Unknown PDO,8,0,,,,,,,,,,,,,,,,,
15,3464,1414,Unknown PDO,8,0,,,,,,,,,,,,,,,,,
15,3464,1542,Unknown PDO,8,0,,,,,,,,,,,,,,,,,
15,3465,1542,Unknown PDO,8,0,,,,,,,,,,,,,,,,,
15,3467,390,PDO1,8,0,33552,512,0,-9964,,,,,,,,,,,,,
15,3467,646,PDO2,8,0,,,,,-513,0,0,0,,,,,,,,,
15,3467,902,PDO3,8,0,,,,,,,,,0,0,1536,16632,0,,,,
15,3468,1158,PDO4,8,0,,,,,,,,,,,,,,1280,0,0,0
15,3469,1414,Unknown PDO,8,0,,,,,,,,,,,,,,,,,
15,3469,1542,Unknown PDO,8,0,,,,,,,,,,,,,,,,,
15,3470,1414,Unknown PDO,8,0,,,,,,,,,,,,,,,,,
15,3471,1542,Unknown PDO,8,0,,,,,,,,,,,,,,,,,
15,3473,1414,Unknown PDO,8,0,,,,,,,,,,,,,,,,,
15,3474,1542,Unknown PDO,8,0,,,,,,,,,,,,,,,,,
15,3475,1414,Unknown PDO,8,0,,,,,,,,,,,,,,,,,
15,3476,1542,Unknown PDO,8,0,,,,,,,,,,,,,,,,,
15,3477,1414,Unknown PDO,8,0,,,,,,,,,,,,,,,,,
15,3478,1542,Unknown PDO,8,0,,,,,,,,,,,,,,,,,
15,3479,1414,Unknown PDO,8,0,,,,,,,,,,,,,,,,,
15,3487,390,PDO1,8,0,33552,-1,0,-9964,,,,,,,,,,,,,
15,3487,646,PDO2,8,0,,,,,256,0,0,0,,,,,,,,,
15,3487,902,PDO3,8,0,,,,,,,,,0,0,3840,16632,0,,,,
15,3489,1158,PDO4,8,0,,,,,,,,,,,,,,1280,0,0,0
15,3499,1414,Unknown PDO,8,0,,,,,,,,,,,,,,,,,
15,3499,1542,Unknown PDO,8,0,,,,,,,,,,,,,,,,,
15,3507,390,PDO1,8,0,33552,-513,0,-9964,,,,,,,,,,,,,
15,3508,646,PDO2,8,0,,,,,256,0,0,0,,,,,,,,,
15,3508,902,PDO3,8,0,,,,,,,,,0,0,1792,16632,0,,,,
15,3509,1158,PDO4,8,0,,,,,,,,,,,,,,1280,0,0,0
15,3515,1542,Unknown PDO,8,0,,,,,,,,,,,,,,,,,
15,3517,1414,Unknown PDO,8,0,,,,,,,,,,,,,,,,,
15,3527,390,PDO1,8,0,33552,-257,0,-9964,,,,,,,,,,,,,
15,3527,1542,Unknown PDO,8,0,,,,,,,,,,,,,,,,,
15,3528,646,PDO2,8,0,,,,,-257,0,0,0,,,,,,,,,
15,3528,902,PDO3,8,0,,,,,,,,,0,0,2816,16632,0,,,,
15,3529,1158,PDO4,8,0,,,,,,,,,,,,,,1280,0,0,0
15,3529,1414,Unknown PDO,8,0,,,,,,,,,,,,,,,,,
15,3546,1542,Unknown PDO,8,0,,,,,,,,,,,,,,,,,
15,3547,390,PDO1,8,0,33552,-257,0,-9452,,,,,,,,,,,,,
15,3548,646,PDO2,8,0,,,,,-1,0,0,0,,,,,,,,,
15,3548,902,PDO3,8,0,,,,,,,,,0,0,3840,16632,0,,,,
15,3548,1158,PDO4,8,0,,,,,,,,,,,,,,1280,0,0,0
15,3549,1414,Unknown PDO,8,0,,,,,,,,,,,,,,,,,
15,3558,1542,Unknown PDO,8,0,,,,,,,,,,,,,,,,,
15,3559,1414,Unknown PDO,8,0,,,,,,,,,,,,,,,,,
15,3568,390,PDO1,8,0,33552,0,0,-9964,,,,,,,,,,,,,
15,3568,646,PDO2,8,0,,,,,256,0,0,0,,,,,,,,,
15,3568,902,PDO3,8,0,,,,,,,,,0,0,1536,16632,0,,,,
15,3568,1158,PDO4,8,0,,,,,,,,,,,,,,1280,0,0,0
15,3578,1542,Unknown PDO,8,0,,,,,,,,,,,,,,,,,
15,3579,1414,Unknown PDO,8,0,,,,,,,,,,,,,,,,,
15,3580,1542,Unknown PDO,8,0,,,,,,,,,,,,,,,,,
15,3581,1414,Unknown PDO,8,0,,,,,,,,,,,,,,,,,
15,3582,1542,Unknown PDO,8,0,,,,,,,,,,,,,,,,,
15,3583,1414,Unknown PDO,8,0,,,,,,,,,,,,,,,,,
15,3584,1542,Unknown PDO,8,0,,,,,,,,,,,,,,,,,
15,3586,1414,Unknown PDO,8,0,,,,,,,,,,,,,,,,,
15,3586,1542,Unknown PDO,8,0,,,,,,,,,,,,,,,,,
15,3588,390,PDO1,8,0,33552,-257,0,-9964,,,,,,,,,,,,,
15,3588,646,PDO2,8,0,,,,,-1,0,0,0,,,,,,,,,
15,3589,902,PDO3,8,0,,,,,,,,,0,0,768,16632,0,,,,
15,3589,1158,PDO4,8,0,,,,,,,,,,,,,,1280,0,0,0
15,3590,1414,Unknown PDO,8,0,,,,,,,,,,,,,,,,,
15,3590,1542,Unknown PDO,8,0,,,,,,,,,,,,,,,,,
15,3592,1414,Unknown PDO,8,0,,,,,,,,,,,,,,,,,
15,3593,1542,Unknown PDO,8,0,,,,,,,,,,,,,,,,,
15,3594,1414,Unknown PDO,8,0,,,,,,,,,,,,,,,,,
15,3608,390,PDO1,8,0,33552,0,0,-9964,,,,,,,,,,,,,
15,3608,646,PDO2,8,0,,,,,-257,0,0,0,,,,,,,,,
15,3608,902,PDO3,8,0,,,,,,,,,0,0,4864,16632,0,,,,
15,3608,1158,PDO4,8,0,,,,,,,,,,,,,,1280,0,0,0
15,3611,1542,Unknown PDO,8,0,,,,,,,,,,,,,,,,,
15,3614,1414,Unknown PDO,8,0,,,,,,,,,,,,,,,,,
15,3628,390,PDO1,8,0,33552,256,0,-9964,,,,,,,,,,,,,
15,3628,646,PDO2,8,0,,,,,-257,0,0,0,,,,,,,,,
15,3628,902,PDO3,8,0,,,,,,,,,0,0,2048,16632,0,,,,
15,3630,1158,PDO4,8,0,,,,,,,,,,,,,,1280,0,0,0
15,3634,1542,Unknown PDO,8,0,,,,,,,,,,,,,,,,,
15,3636,1414,Unknown PDO,8,0,,,,,,,,,,,,,,,,,
15,3647,1542,Unknown PDO,8,0,,,,,,,,,,,,,,,,,
15,3648,390,PDO1,8,0,33552,0,0,-10476,,,,,,,,,,,,,
15,3648,646,PDO2,8,0,,,,,-257,0,0,0,,,,,,,,,
15,3649,902,PDO3,8,0,,,,,,,,,0,0,3072,16632,0,,,,
15,3650,1158,PDO4,8,0,,,,,,,,,,,,,,1280,0,0,0
15,3650,1414,Unknown PDO,8,0,,,,,,,,,,,,,,,,,
15,3667,1542,Unknown PDO,8,0,,,,,,,,,,,,,,,,,
15,3668,390,PDO1,8,0,33552,-1,0,-9964,,,,,,,,,,,,,
15,3668,646,PDO2,8,0,,,,,0,0,0,0,,,,,,,,,
15,3668,902,PDO3,8,0,,,,,,,,,0,0,4864,16632,0,,,,
15,3669,1414,Unknown PDO,8,0,,,,,,,,,,,,,,,,,
15,3670,1158,PDO4,8,0,,,,,,,,,,,,,,1280,0,0,0
15,3689,390,PDO1,8,0,33552,768,0,-9964,,,,,,,,,,,,,
15,3689,646,PDO2,8,0,,,,,256,0,0,0,,,,,,,,,
15,3689,902,PDO3,8,0,,,,,,,,,0,0,1792,16632,0,,,,
15,3690,1158,PDO4,8,0,,,,,,,,,,,,,,1280,0,0,0
15,3709,390,PDO1,8,0,33552,512,0,-9964,,,,,,,,,,,,,
15,3709,646,PDO2,8,0,,,,,-513,0,0,0,,,,,,,,,
15,3709,902,PDO3,8,0,,,,,,,,,0,0,1280,16632,0,,,,
15,3711,1158,PDO4,8,0,,,,,,,,,,,,,,1280,0,0,0
15,3729,390,PDO1,8,0,33552,-1,0,-9964,,,,,,,,,,,,,
15,3729,646,PDO2,8,0,,,,,256,0,0,0,,,,,,,,,
15,3729,902,PDO3,8,0,,,,,,,,,0,0,7168,16632,0,,,,
15,3730,1158,PDO4,8,0,,,,,,,,,,,,,,1280,0,0,0
15,3749,390,PDO1,8,0,33552,512,0,-9964,,,,,,,,,,,,,
15,3749,646,PDO2,8,0,,,,,256,0,0,0,,,,,,,,,
15,3749,902,PDO3,8,0,,,,,,,,,0,0,512,16632,0,,,,
15,3750,1158,PDO4,8,0,,,,,,,,,,,,,,1280,0,0,0
15,3769,390,PDO1,8,0,33552,-1025,0,-9452,,,,,,,,,,,,,
15,3770,646,PDO2,8,0,,,,,-257,0,0,0,,,,,,,,,
15,3770,902,PDO3,8,0,,,,,,,,,0,0,1024,16632,0,,,,
15,3771,1158,PDO4,8,0,,,,,,,,,,,,,,1280,0,0,0
15,3789,390,PDO1,8,0,33552,-513,0,-9964,,,,,,,,,,,,,
15,3790,646,PDO2,8,0,,,,,-1025,0,0,0,,,,,,,,,
15,3790,902,PDO3,8,0,,,,,,,,,0,0,4096,16632,0,,,,
15,3791,1158,PDO4,8,0,,,,,,,,,,,,,,1280,0,0,0
15,3809,390,PDO1,8,0,33552,0,0,-9964,,,,,,,,,,,,,
15,3810,646,PDO2,8,0,,,,,256,0,0,0,,,,,,,,,
15,3810,902,PDO3,8,0,,,,,,,,,0,0,1536,16632,0,,,,
15,3811,1158,PDO4,8,0,,,,,,,,,,,,,,1280,0,0,0
15,3826,1542,Unknown PDO,8,0,,,,,,,,,,,,,,,,,
15,3827,1414,Unknown PDO,8,0,,,,,,,,,,,,,,,,,
15,3830,390,PDO1,8,0,33552,512,0,-9964,,,,,,,,,,,,,
15,3830,646,PDO2,8,0,,,,,512,0,0,0,,,,,,,,,
15,3831,902,PDO3,8,0,,,,,,,,,0,0,2816,16632,0,,,,
15,3831,1158,PDO4,8,0,,,,,,,,,,,,,,1280,0,0,0
15,3846,1542,Unknown PDO,8,0,,,,,,,,,,,,,,,,,
15,3848,1414,Unknown PDO,8,0,,,,,,,,,,,,,,,,,
15,3849,1542,Unknown PDO,8,0,,,,,,,,,,,,,,,,,
15,3850,390,PDO1,8,0,33552,0,0,-9964,,,,,,,,,,,,,
15,3851,646,PDO2,8,0,,,,,-257,0,0,0,,,,,,,,,
15,3851,902,PDO3,8,0,,,,,,,,,0,0,4096,16632,0,,,,
15,3852,1158,PDO4,8,0,,,,,,,,,,,,,,1280,0,0,0
15,3852,1414,Unknown PDO,8,0,,,,,,,,,,,,,,,,,
15,3857,1542,Unknown PDO,8,0,,,,,,,,,,,,,,,,,
15,3859,1414,Unknown PDO,8,0,,,,,,,,,,,,,,,,,
15,3871,390,PDO1,8,0,33552,-1,0,-9964,,,,,,,,,,,,,
15,3871,646,PDO2,8,0,,,,,-1025,0,0,0,,,,,,,,,
15,3871,902,PDO3,8,0,,,,,,,,,0,0,1024,16632,0,,,,
15,3872,1158,PDO4,8,0,,,,,,,,,,,,,,1280,0,0,0
15,3877,1542,Unknown PDO,8,0,,,,,,,,,,,,,,,,,
15,3878,1414,Unknown PDO,8,0,,,,,,,,,,,,,,,,,
15,3891,390,PDO1,8,0,33552,-257,0,-9452,,,,,,,,,,,,,
15,3891,646,PDO2,8,0,,,,,-257,0,0,0,,,,,,,,,
15,3891,902,PDO3,8,0,,,,,,,,,0,0,4864,16632,0,,,,
15,3893,1158,PDO4,8,0,,,,,,,,,,,,,,1280,0,0,0
15,3912,390,PDO1,8,0,33552,-513,0,-9964,,,,,,,,,,,,,
15,3912,646,PDO2,8,0,,,,,256,0,0,0,,,,,,,,,
15,3912,902,PDO3,8,0,,,,,,,,,0,0,1792,16632,0,,,,
15,3914,1158,PDO4,8,0,,,,,,,,,,,,,,1280,0,0,0
15,3931,1542,Unknown PDO,8,0,,,,,,,,,,,,,,,,,
15,3933,390,PDO1,8,0,33552,1280,0,-9964,,,,,,,,,,,,,
15,3933,646,PDO2,8,0,,,,,512,0,0,0,,,,,,,,,
15,3934,902,PDO3,8,0,,,,,,,,,0,0,768,16632,0,,,,
15,3934,1158,PDO4,8,0,,,,,,,,,,,,,,1280,0,0,0
15,3934,1414,Unknown PDO,8,0,,,,,,,,,,,,,,,,,
15,3935,1542,Unknown PDO,8,0,,,,,,,,,,,,,,,,,
15,3936,1414,Unknown PDO,8,0,,,,,,,,,,,,,,,,,
15,3952,1542,Unknown PDO,8,0,,,,,,,,,,,,,,,,,
15,3953,390,PDO1,8,0,33552,768,0,-9964,,,,,,,,,,,,,
15,3954,646,PDO2,8,0,,,,,256,0,0,0,,,,,,,,,
15,3954,902,PDO3,8,0,,,,,,,,,0,0,2816,16632,0,,,,
15,3954,1158,PDO4,8,0,,,,,,,,,,,,,,1280,0,0,0
15,3955,1414,Unknown PDO,8,0,,,,,,,,,,,,,,,,,
15,3955,1542,Unknown PDO,8,0,,,,,,,,,,,,,,,,,
15,3956,1414,Unknown PDO,8,0,,,,,,,,,,,,,,,,,
15,3964,1414,Unknown PDO,8,0,,,,,,,,,,,,,,,,,
15,3964,1542,Unknown PDO,8,0,,,,,,,,,,,,,,,,,
15,3973,390,PDO1,8,0,33552,768,0,-9964,,,,,,,,,,,,,
15,3973,646,PDO2,8,0,,,,,512,0,0,0,,,,,,,,,
15,3973,902,PDO3,8,0,,,,,,,,,0,0,2048,16632,0,,,,
15,3974,1158,PDO4,8,0,,,,,,,,,,,,,,1280,0,0,0
15,3983,1542,Unknown PDO,8,0,,,,,,,,,,,,,,,,,
15,3985,1414,Unknown PDO,8,0,,,,,,,,,,,,,,,,,
15,3986,1542,Unknown PDO,8,0,,,,,,,,,,,,,,,,,
15,3987,1414,Unknown PDO,8,0,,,,,,,,,,,,,,,,,
15,3993,390,PDO1,8,0,33552,-257,0,-10476,,,,,,,,,,,,,
15,3994,646,PDO2,8,0,,,,,512,0,0,0,,,,,,,,,
15,3994,902,PDO3,8,0,,,,,,,,,0,0,3584,16632,0,,,,
15,3994,1158,PDO4,8,0,,,,,,,,,,,,,,1280,0,0,0
15,4000,1542,Unknown PDO,8,0,,,,,,,,,,,,,,,,,
15,4001,1414,Unknown PDO,8,0,,,,,,,,,,,,,,,,,
15,4014,390,PDO1,8,0,33552,-1,0,-9964,,,,,,,,,,,,,
15,4014,646,PDO2,8,0,,,,,-1,0,0,0,,,,,,,,,
15,4014,902,PDO3,8,0,,,,,,,,,0,0,1280,16632,0,,,,
15,4014,1158,PDO4,8,0,,,,,,,,,,,,,,1280,0,0,0
15,4034,390,PDO1,8,0,33552,256,0,-9964,,,,,,,,,,,,,
15,4034,646,PDO2,8,0,,,,,-513,0,0,0,,,,,,,,,
15,4035,902,PDO3,8,0,,,,,,,,,0,0,4096,16632,0,,,,
15,4036,1158,PDO4,8,0,,,,,,,,,,,,,,1280,0,0,0
15,4054,390,PDO1,8,0,33552,-769,0,-9452,,,,,,,,,,,,,
15,4054,646,PDO2,8,0,,,,,256,0,0,0,,,,,,,,,
15,4054,902,PDO3,8,0,,,,,,,,,0,0,1280,16632,0,,,,
15,4054,1158,PDO4,8,0,,,,,,,,,,,,,,1280,0,0,0
15,4075,390,PDO1,8,0,33552,-769,0,-9964,,,,,,,,,,,,,
15,4075,646,PDO2,8,0,,,,,-1,0,0,0,,,,,,,,,
15,4076,902,PDO3,8,0,,,,,,,,,0,0,2048,16632,0,,,,
15,4076,1158,PDO4,8,0,,,,,,,,,,,,,,1280,0,0,0
15,4094,390,PDO1,8,0,33552,-769,0,-9964,,,,,,,,,,,,,
15,4094,646,PDO2,8,0,,,,,-1,0,0,0,,,,,,,,,
15,4095,902,PDO3,8,0,,,,,,,,,0,0,1536,16632,0,,,,
15,4096,1158,PDO4,8,0,,,,,,,,,,,,,,1280,0,0,0
15,4114,390,PDO1,8,0,33552,-1,0,-9964,,,,,,,,,,,,,
15,4114,646,PDO2,8,0,,,,,0,0,0,0,,,,,,,,,
15,4115,902,PDO3,8,0,,,,,,,,,0,0,768,16632,0,,,,
15,4116,1158,PDO4,8,0,,,,,,,,,,,,,,1280,0,0,0
15,4134,390,PDO1,8,0,33552,256,0,-9964,,,,,,,,,,,,,
15,4135,646,PDO2,8,0,,,,,-1,0,0,0,,,,,,,,,
15,4135,902,PDO3,8,0,,,,,,,,,0,0,1536,16632,0,,,,
15,4136,1158,PDO4,8,0,,,,,,,,,,,,,,1280,0,0,0
15,4155,390,PDO1,8,0,33552,-1,0,-9964,,,,,,,,,,,,,
15,4155,646,PDO2,8,0,,,,,256,0,0,0,,,,,,,,,
15,4155,902,PDO3,8,0,,,,,,,,,0,0,1792,16632,0,,,,
15,4156,1158,PDO4,8,0,,,,,,,,,,,,,,1280,0,0,0
15,4175,390,PDO1,8,0,33552,-257,0,-9964,,,,,,,,,,,,,
15,4176,646,PDO2,8,0,,,,,-1,0,0,0,,,,,,,,,
15,4176,902,PDO3,8,0,,,,,,,,,0,0,2816,16632,0,,,,
15,4177,1158,PDO4,8,0,,,,,,,,,,,,,,1280,0,0,0
15,4195,390,PDO1,8,0,33552,-513,0,-9964,,,,,,,,,,,,,
15,4196,646,PDO2,8,0,,,,,-257,0,0,0,,,,,,,,,
15,4196,902,PDO3,8,0,,,,,,,,,0,0,4096,16632,0,,,,
15,4197,1158,PDO4,8,0,,,,,,,,,,,,,,1280,0,0,0
15,4215,390,PDO1,8,0,33552,-257,0,-9964,,,,,,,,,,,,,
15,4216,646,PDO2,8,0,,,,,256,0,0,0,,,,,,,,,
15,4216,902,PDO3,8,0,,,,,,,,,0,0,1792,16632,0,,,,
15,4216,1158,PDO4,8,0,,,,,,,,,,,,,,1280,0,0,0
15,4236,390,PDO1,8,0,33552,0,0,-9964,,,,,,,,,,,,,
15,4236,646,PDO2,8,0,,,,,-1,0,0,0,,,,,,,,,
15,4236,902,PDO3,8,0,,,,,,,,,0,0,2816,16632,0,,,,
15,4237,1158,PDO4,8,0,,,,,,,,,,,,,,1280,0,0,0
15,4256,390,PDO1,8,0,33552,-257,0,-9964,,,,,,,,,,,,,
15,4256,646,PDO2,8,0,,,,,256,0,0,0,,,,,,,,,
15,4257,902,PDO3,8,0,,,,,,,,,0,0,5120,16632,0,,,,
15,4258,1158,PDO4,8,0,,,,,,,,,,,,,,1280,0,0,0
15,4276,390,PDO1,8,0,33552,0,0,-9964,,,,,,,,,,,,,
15,4277,646,PDO2,8,0,,,,,-769,0,0,0,,,,,,,,,
15,4277,902,PDO3,8,0,,,,,,,,,0,0,1792,16632,0,,,,
15,4278,1158,PDO4,8,0,,,,,,,,,,,,,,1280,0,0,0
15,4297,390,PDO1,8,0,33552,0,0,-10476,,,,,,,,,,,,,
15,4297,646,PDO2,8,0,,,,,256,0,0,0,,,,,,,,,
15,4297,902,PDO3,8,0,,,,,,,,,0,0,768,16632,0,,,,
15,4298,1158,PDO4,8,0,,,,,,,,,,,,,,1280,0,0,0
15,4308,1414,Unknown PDO,8,0,,,,,,,,,,,,,,,,,
15,4308,1542,Unknown PDO,8,0,,,,,,,,,,,,,,,,,
15,4317,390,PDO1,8,0,33552,512,0,-9964,,,,,,,,,,,,,
15,4317,646,PDO2,8,0,,,,,-769,0,0,0,,,,,,,,,
15,4317,902,PDO3,8,0,,,,,,,,,0,0,4608,16632,0,,,,
15,4318,1158,PDO4,8,0,,,,,,,,,,,,,,1280,0,0,0
15,4327,1542,Unknown PDO,8,0,,,,,,,,,,,,,,,,,
15,4328,1414,Unknown PDO,8,0,,,,,,,,,,,,,,,,,
15,4337,390,PDO1,8,0,33552,512,0,-9964,,,,,,,,,,,,,
15,4337,646,PDO2,8,0,,,,,-769,0,0,0,,,,,,,,,
15,4337,902,PDO3,8,0,,,,,,,,,0,0,2048,16632,0,,,,
15,4339,1158,PDO4,8,0,,,,,,,,,,,,,,1280,0,0,0
15,4345,1542,Unknown PDO,8,0,,,,,,,,,,,,,,,,,
15,4347,1414,Unknown PDO,8,0,,,,,,,,,,,,,,,,,
15,4357,390,PDO1,8,0,33552,-257,0,-9964,,,,,,,,,,,,,
15,4358,646,PDO2,8,0,,,,,-257,0,0,0,,,,,,,,,
15,4358,902,PDO3,8,0,,,,,,,,,0,0,1792,16632,0,,,,
15,4358,1542,Unknown PDO,8,0,,,,,,,,,,,,,,,,,
15,4359,1158,PDO4,8,0,,,,,,,,,,,,,,1280,0,0,0
15,4359,1414,Unknown PDO,8,0,,,,,,,,,,,,,,,,,
15,4376,1542,Unknown PDO,8,0,,,,,,,,,,,,,,,,,
15,4378,390,PDO1,8,0,33552,256,0,-9964,,,,,,,,,,,,,
15,4378,646,PDO2,8,0,,,,,-257,0,0,0,,,,,,,,,
15,4378,902,PDO3,8,0,,,,,,,,,0,0,3072,16632,0,,,,
15,4379,1158,PDO4,8,0,,,,,,,,,,,,,,1280,0,0,0
15,4380,1414,Unknown PDO,8,0,,,,,,,,,,,,,,,,,
15,4388,1542,Unknown PDO,8,0,,,,,,,,,,,,,,,,,
15,4389,1414,Unknown PDO,8,0,,,,,,,,,,,,,,,,,
15,4390,1542,Unknown PDO,8,0,,,,,,,,,,,,,,,,,
15,4391,1414,Unknown PDO,8,0,,,,,,,,,,,,,,,,,
15,4392,1542,Unknown PDO,8,0,,,,,,,,,,,,,,,,,
15,4393,1414,Unknown PDO,8,0,,,,,,,,,,,,,,,,,
15,4398,390,PDO1,8,0,33552,512,0,-9964,,,,,,,,,,,,,
15,4398,646,PDO2,8,0,,,,,-769,0,0,0,,,,,,,,,
15,4399,902,PDO3,8,0,,,,,,,,,0,0,3584,16632,0,,,,
15,4400,1158,PDO4,8,0,,,,,,,,,,,,,,1280,0,0,0
15,4412,1542,Unknown PDO,8,0,,,,,,,,,,,,,,,,,
15,4414,1414,Unknown PDO,8,0,,,,,,,,,,,,,,,,,
15,4418,390,PDO1,8,0,33552,-1,0,-9452,,,,,,,,,,,,,
15,4419,646,PDO2,8,0,,,,,256,0,0,0,,,,,,,,,
15,4419,902,PDO3,8,0,,,,,,,,,0,0,4096,16632,0,,,,
15,4420,1158,PDO4,8,0,,,,,,,,,,,,,,1280,0,0,0
15,4430,1542,Unknown PDO,8,0,,,,,,,,,,,,,,,,,
15,4432,1414,Unknown PDO,8,0,,,,,,,,,,,,,,,,,
15,4438,390,PDO1,8,0,33552,-769,0,-9964,,,,,,,,,,,,,
15,4439,646,PDO2,8,0,,,,,256,0,0,0,,,,,,,,,
15,4439,902,PDO3,8,0,,,,,,,,,0,0,4096,16632,0,,,,
15,4440,1158,PDO4,8,0,,,,,,,,,,,,,,1280,0,0,0
15,4448,1542,Unknown PDO,8,0,,,,,,,,,,,,,,,,,
15,4450,1414,Unknown PDO,8,0,,,,,,,,,,,,,,,,,
15,4459,390,PDO1,8,0,33552,-1,0,-9964,,,,,,,,,,,,,
15,4459,646,PDO2,8,0,,,,,256,0,0,0,,,,,,,,,
15,4459,902,PDO3,8,0,,,,,,,,,0,0,2560,16632,0,,,,
15,4460,1158,PDO4,8,0,,,,,,,,,,,,,,1280,0,0,0
15,4463,1542,Unknown PDO,8,0,,,,,,,,,,,,,,,,,
15,4464,1414,Unknown PDO,8,0,,,,,,,,,,,,,,,,,
15,4479,390,PDO1,8,0,33552,768,0,-9964,,,,,,,,,,,,,
15,4479,646,PDO2,8,0,,,,,256,0,0,0,,,,,,,,,
15,4479,902,PDO3,8,0,,,,,,,,,0,0,2560,16632,0,,,,
15,4480,1158,PDO4,8,0,,,,,,,,,,,,,,1280,0,0,0
15,4480,1542,Unknown PDO,8,0,,,,,,,,,,,,,,,,,
15,4482,1414,Unknown PDO,8,0,,,,,,,,,,,,,,,,,
15,4496,1414,Unknown PDO,8,0,,,,,,,,,,,,,,,,,
15,4496,1542,Unknown PDO,8,0,,,,,,,,,,,,,,,,,
15,4499,390,PDO1,8,0,33552,256,0,-9964,,,,,,,,,,,,,
15,4499,646,PDO2,8,0,,,,,256,0,0,0,,,,,,,,,
15,4499,902,PDO3,8,0,,,,,,,,,0,0,1280,16632,0,,,,
15,4501,1158,PDO4,8,0,,,,,,,,,,,,,,1280,0,0,0
15,4512,1542,Unknown PDO,8,0,,,,,,,,,,,,,,,,,
15,4513,1414,Unknown PDO,8,0,,,,,,,,,,,,,,,,,
15,4519,390,PDO1,8,0,33552,-1,0,-9964,,,,,,,,,,,,,
15,4519,646,PDO2,8,0,,,,,-257,0,0,0,,,,,,,,,
15,4519,902,PDO3,8,0,,,,,,,,,0,0,1792,16632,0,,,,
15,4520,1158,PDO4,8,0,,,,,,,,,,,,,,1280,0,0,0
15,4528,1542,Unknown PDO,8,0,,,,,,,,,,,,,,,,,
15,4529,1414,Unknown PDO,8,0,,,,,,,,,,,,,,,,,
15,4529,1542,Unknown PDO,8,0,,,,,,,,,,,,,,,,,
15,4531,1414,Unknown PDO,8,0,,,,,,,,,,,,,,,,,
15,4531,1542,Unknown PDO,8,0,,,,,,,,,,,,,,,,,
15,4532,1414,Unknown PDO,8,0,,,,,,,,,,,,,,,,,
15,4533,1542,Unknown PDO,8,0,,,,,,,,,,,,,,,,,
15,4535,1414,Unknown PDO,8,0,,,,,,,,,,,,,,,,,
15,4536,1542,Unknown PDO,8,0,,,,,,,,,,,,,,,,,
15,4537,1414,Unknown PDO,8,0,,,,,,,,,,,,,,,,,
15,4538,1542,Unknown PDO,8,0,,,,,,,,,,,,,,,,,
15,4540,390,PDO1,8,0,33552,-1025,0,-9964,,,,,,,,,,,,,
15,4540,646,PDO2,8,0,,,,,-1,0,0,0,,,,,,,,,
15,4540,902,PDO3,8,0,,,,,,,,,0,0,4352,16632,0,,,,
15,4540,1158,PDO4,8,0,,,,,,,,,,,,,,1280,0,0,0
15,4541,1414,Unknown PDO,8,0,,,,,,,,,,,,,,,,,
15,4542,1542,Unknown PDO,8,0,,,,,,,,,,,,,,,,,
15,4543,1414,Unknown PDO,8,0,,,,,,,,,,,,,,,,,
15,4559,390,PDO1,8,0,33552,-257,0,-9964,,,,,,,,,,,,,
15,4560,646,PDO2,8,0,,,,,256,0,0,0,,,,,,,,,
15,4560,902,PDO3,8,0,,,,,,,,,0,0,3584,16632,0,,,,
15,4561,1158,PDO4,8,0,,,,,,,,,,,,,,1280,0,0,0
15,4564,1542,Unknown PDO,8,0,,,,,,,,,,,,,,,,,
15,4565,1414,Unknown PDO,8,0,,,,,,,,,,,,,,,,,
15,4580,390,PDO1,8,0,33552,256,0,-9964,,,,,,,,,,,,,
15,4580,646,PDO2,8,0,,,,,256,0,0,0,,,,,,,,,
15,4580,902,PDO3,8,0,,,,,,,,,0,0,2560,16632,0,,,,
15,4582,1158,PDO4,8,0,,,,,,,,,,,,,,1280,0,0,0
15,4587,1542,Unknown PDO,8,0,,,,,,,,,,,,,,,,,
15,4590,1414,Unknown PDO,8,0,,,,,,,,,,,,,,,,,
15,4600,390,PDO1,8,0,33552,512,0,-9964,,,,,,,,,,,,,
15,4600,646,PDO2,8,0,,,,,0,0,0,0,,,,,,,,,
15,4601,902,PDO3,8,0,,,,,,,,,0,0,1536,16632,0,,,,
15,4602,1158,PDO4,8,0,,,,,,,,,,,,,,1280,0,0,0
15,4602,1542,Unknown PDO,8,0,,,,,,,,,,,,,,,,,
15,4604,1414,Unknown PDO,8,0,,,,,,,,,,,,,,,,,
15,4618,1542,Unknown PDO,8,0,,,,,,,,,,,,,,,,,
15,4621,390,PDO1,8,0,33552,256,0,-9964,,,,,,,,,,,,,
15,4621,646,PDO2,8,0,,,,,512,0,0,0,,,,,,,,,
15,4621,902,PDO3,8,0,,,,,,,,,0,0,3072,16632,0,,,,
15,4622,1414,Unknown PDO,8,0,,,,,,,,,,,,,,,,,
15,4623,1158,PDO4,8,0,,,,,,,,,,,,,,1280,0,0,0
15,4634,1542,Unknown PDO,8,0,,,,,,,,,,,,,,,,,
15,4635,1414,Unknown PDO,8,0,,,,,,,,,,,,,,,,,
15,4641,390,PDO1,8,0,33552,0,0,-9964,,,,,,,,,,,,,
15,4641,646,PDO2,8,0,,,,,-513,0,0,0,,,,,,,,,
15,4641,902,PDO3,8,0,,,,,,,,,0,0,5120,16632,0,,,,
15,4643,1158,PDO4,8,0,,,,,,,,,,,,,,1280,0,0,0
15,4650,1542,Unknown PDO,8,0,,,,,,,,,,,,,,,,,
15,4651,1414,Unknown PDO,8,0,,,,,,,,,,,,,,,,,
15,4651,1542,Unknown PDO,8,0,,,,,,,,,,,,,,,,,
15,4653,1414,Unknown PDO,8,0,,,,,,,,,,,,,,,,,
15,4653,1542,Unknown PDO,8,0,,,,,,,,,,,,,,,,,
15,4655,1414,Unknown PDO,8,0,,,,,,,,,,,,,,,,,
15,4656,1542,Unknown PDO,8,0,,,,,,,,,,,,,,,,,
15,4657,1414,Unknown PDO,8,0,,,,,,,,,,,,,,,,,
15,4658,1542,Unknown PDO,8,0,,,,,,,,,,,,,,,,,
15,4659,1414,Unknown PDO,8,0,,,,,,,,,,,,,,,,,
15,4660,1542,Unknown PDO,8,0,,,,,,,,,,,,,,,,,
15,4661,390,PDO1,8,0,33552,0,0,-9964,,,,,,,,,,,,,
15,4662,646,PDO2,8,0,,,,,256,0,0,0,,,,,,,,,
15,4662,902,PDO3,8,0,,,,,,,,,0,0,3328,16632,0,,,,
15,4663,1158,PDO4,8,0,,,,,,,,,,,,,,1280,0,0,0
15,4663,1414,Unknown PDO,8,0,,,,,,,,,,,,,,,,,
15,4665,1414,Unknown PDO,8,0,,,,,,,,,,,,,,,,,
15,4665,1542,Unknown PDO,8,0,,,,,,,,,,,,,,,,,
15,4681,390,PDO1,8,0,33552,0,0,-9964,,,,,,,,,,,,,
15,4682,646,PDO2,8,0,,,,,-1,0,0,0,,,,,,,,,
15,4682,902,PDO3,8,0,,,,,,,,,0,0,2048,16632,0,,,,
15,4683,1158,PDO4,8,0,,,,,,,,,,,,,,1280,0,0,0
15,4684,1542,Unknown PDO,8,0,,,,,,,,,,,,,,,,,
15,4685,1414,Unknown PDO,8,0,,,,,,,,,,,,,,,,,
15,4701,390,PDO1,8,0,33552,0,0,-9964,,,,,,,,,,,,,
15,4702,646,PDO2,8,0,,,,,0,0,0,0,,,,,,,,,
15,4702,902,PDO3,8,0,,,,,,,,,0,0,2816,16632,0,,,,
15,4702,1542,Unknown PDO,8,0,,,,,,,,,,,,,,,,,
15,4703,1158,PDO4,8,0,,,,,,,,,,,,,,1280,0,0,0
15,4703,1414,Unknown PDO,8,0,,,,,,,,,,,,,,,,,
15,4715,1414,Unknown PDO,8,0,,,,,,,,,,,,,,,,,
15,4715,1542,Unknown PDO,8,0,,,,,,,,,,,,,,,,,
15,4721,390,PDO1,8,0,33552,-257,0,-9964,,,,,,,,,,,,,
15,4721,646,PDO2,8,0,,,,,256,0,0,0,,,,,,,,,
15,4722,902,PDO3,8,0,,,,,,,,,0,0,512,16632,0,,,,
15,4723,1158,PDO4,8,0,,,,,,,,,,,,,,1280,0,0,0
15,4728,1542,Unknown PDO,8,0,,,,,,,,,,,,,,,,,
15,4729,1414,Unknown PDO,8,0,,,,,,,,,,,,,,,,,
15,4741,390,PDO1,8,0,33552,-513,0,-9964,,,,,,,,,,,,,
15,4742,646,PDO2,8,0,,,,,-769,0,0,0,,,,,,,,,
15,4742,902,PDO3,8,0,,,,,,,,,0,0,4352,16632,0,,,,
15,4743,1158,PDO4,8,0,,,,,,,,,,,,,,1280,0,0,0
15,4761,390,PDO1,8,0,33552,1536,0,-9964,,,,,,,,,,,,,
15,4762,646,PDO2,8,0,,,,,1024,0,0,0,,,,,,,,,
15,4762,902,PDO3,8,0,,,,,,,,,0,0,2560,16632,0,,,,
15,4763,1158,PDO4,8,0,,,,,,,,,,,,,,1280,0,0,0
15,4781,390,PDO1,8,0,33552,256,0,-9964,,,,,,,,,,,,,
15,4782,646,PDO2,8,0,,,,,256,0,0,0,,,,,,,,,
15,4782,902,PDO3,8,0,,,,,,,,,0,0,3584,16632,0,,,,
15,4783,1158,PDO4,8,0,,,,,,,,,,,,,,1280,0,0,0
15,4801,390,PDO1,8,0,33552,0,0,-9964,,,,,,,,,,,,,
15,4801,646,PDO2,8,0,,,,,256,0,0,0,,,,,,,,,
15,4802,902,PDO3,8,0,,,,,,,,,0,0,2304,16632,0,,,,
15,4802,1158,PDO4,8,0,,,,,,,,,,,,,,1280,0,0,0
15,4822,390,PDO1,8,0,33552,-1,0,-9964,,,,,,,,,,,,,
15,4822,646,PDO2,8,0,,,,,-769,0,0,0,,,,,,,,,
15,4822,902,PDO3,8,0,,,,,,,,,0,0,3584,16632,0,,,,
15,4824,1158,PDO4,8,0,,,,,,,,,,,,,,1280,0,0,0
15,4842,390,PDO1,8,0,33552,-1,0,-9964,,,,,,,,,,,,,
15,4842,646,PDO2,8,0,,,,,-1,0,0,0,,,,,,,,,
15,4843,902,PDO3,8,0,,,,,,,,,0,0,1280,16632,0,,,,
15,4844,1158,PDO4,8,0,,,,,,,,,,,,,,1280,0,0,0
15,4862,390,PDO1,8,0,33552,-257,0,-9964,,,,,,,,,,,,,
15,4862,646,PDO2,8,0,,,,,-1,0,0,0,,,,,,,,,
15,4863,902,PDO3,8,0,,,,,,,,,0,0,3584,16632,0,,,,
15,4864,1158,PDO4,8,0,,,,,,,,,,,,,,1280,0,0,0
15,4882,390,PDO1,8,0,33552,0,0,-9964,,,,,,,,,,,,,
15,4882,646,PDO2,8,0,,,,,256,0,0,0,,,,,,,,,
15,4883,902,PDO3,8,0,,,,,,,,,0,0,2560,16632,0,,,,
15,4884,1158,PDO4,8,0,,,,,,,,,,,,,,1280,0,0,0
15,4893,1542,Unknown PDO,8,0,,,,,,,,,,,,,,,,,
15,4894,1414,Unknown PDO,8,0,,,,,,,,,,,,,,,,,
15,4902,390,PDO1,8,0,33552,-1025,0,-9964,,,,,,,,,,,,,
15,4902,646,PDO2,8,0,,,,,-1,0,0,0,,,,,,,,,
15,4903,902,PDO3,8,0,,,,,,,,,0,0,1280,16632,0,,,,
15,4904,1158,PDO4,8,0,,,,,,,,,,,,,,1280,0,0,0
15,4908,1542,Unknown PDO,8,0,,,,,,,,,,,,,,,,,
15,4910,1414,Unknown PDO,8,0,,,,,,,,,,,,,,,,,
15,4911,1542,Unknown PDO,8,0,,,,,,,,,,,,,,,,,
15,4912,1414,Unknown PDO,8,0,,,,,,,,,,,,,,,,,
15,4922,390,PDO1,8,0,33552,256,0,-9964,,,,,,,,,,,,,
15,4923,646,PDO2,8,0,,,,,256,0,0,0,,,,,,,,,
15,4923,902,PDO3,8,0,,,,,,,,,0,0,4864,16632,0,,,,
15,4924,1158,PDO4,8,0,,,,,,,,,,,,,,1280,0,0,0
15,4927,1542,Unknown PDO,8,0,,,,,,,,,,,,,,,,,
15,4928,1414,Unknown PDO,8,0,,,,,,,,,,,,,,,,,
15,4943,390,PDO1,8,0,33552,0,0,-9964,,,,,,,,,,,,,
15,4943,646,PDO2,8,0,,,,,-1,0,0,0,,,,,,,,,
15,4943,902,PDO3,8,0,,,,,,,,,0,0,2304,16632,0,,,,
15,4944,1158,PDO4,8,0,,,,,,,,,,,,,,1280,0,0,0
15,4944,1414,Unknown PDO,8,0,,,,,,,,,,,,,,,,,
15,4944,1542,Unknown PDO,8,0,,,,,,,,,,,,,,,,,
15,4962,390,PDO1,8,0,33552,768,0,-9964,,,,,,,,,,,,,
15,4963,646,PDO2,8,0,,,,,256,0,0,0,,,,,,,,,
15,4963,902,PDO3,8,0,,,,,,,,,0,0,1024,16632,0,,,,
15,4964,1158,PDO4,8,0,,,,,,,,,,,,,,1280,0,0,0
15,4983,390,PDO1,8,0,33552,-769,0,-9964,,,,,,,,,,,,,
15,4983,646,PDO2,8,0,,,,,-1,0,0,0,,,,,,,,,
15,4983,902,PDO3,8,0,,,,,,,,,0,0,2304,16632,0,,,,
15,4985,1158,PDO4,8,0,,,,,,,,,,,,,,1280,0,0,0
15,4990,1542,Unknown PDO,8,0,,,,,,,,,,,,,,,,,
15,4991,1414,Unknown PDO,8,0,,,,,,,,,,,,,,,,,
15,4993,1542,Unknown PDO,8,0,,,,,,,,,,,,,,,,,
15,4995,1414,Unknown PDO,8,0,,,,,,,,,,,,,,,,,
15,5003,390,PDO1,8,0,33552,768,0,-9964,,,,,,,,,,,,,
15,5004,646,PDO2,8,0,,,,,256,0,0,0,,,,,,,,,
15,5004,902,PDO3,8,0,,,,,,,,,0,0,768,16632,0,,,,
15,5004,1158,PDO4,8,0,,,,,,,,,,,,,,1280,0,0,0
15,5004,1542,Unknown PDO,8,0,,,,,,,,,,,,,,,,,
15,5005,1414,Unknown PDO,8,0,,,,,,,,,,,,,,,,,
15,5006,1542,Unknown PDO,8,0,,,,,,,,,,,,,,,,,
15,5007,1414,Unknown PDO,8,0,,,,,,,,,,,,,,,,,
15,5023,390,PDO1,8,0,33552,0,0,-9964,,,,,,,,,,,,,
15,5023,1542,Unknown PDO,8,0,,,,,,,,,,,,,,,,,
15,5024,646,PDO2,8,0,,,,,-1,0,0,0,,,,,,,,,
15,5024,902,PDO3,8,0,,,,,,,,,0,0,2304,16632,0,,,,
15,5025,1158,PDO4,8,0,,,,,,,,,,,,,,1280,0,0,0
15,5025,1414,Unknown PDO,8,0,,,,,,,,,,,,,,,,,
15,5039,1542,Unknown PDO,8,0,,,,,,,,,,,,,,,,,
15,5040,1414,Unknown PDO,8,0,,,,,,,,,,,,,,,,,
15,5041,1414,Unknown PDO,8,0,,,,,,,,,,,,,,,,,
15,5041,1542,Unknown PDO,8,0,,,,,,,,,,,,,,,,,
15,5044,390,PDO1,8,0,33552,256,0,-9964,,,,,,,,,,,,,
15,5044,646,PDO2,8,0,,,,,-257,0,0,0,,,,,,,,,
15,5044,902,PDO3,8,0,,,,,,,,,0,0,1280,16632,0,,,,
15,5046,1158,PDO4,8,0,,,,,,,,,,,,,,1280,0,0,0
15,5056,1542,Unknown PDO,8,0,,,,,,,,,,,,,,,,,
15,5057,1414,Unknown PDO,8,0,,,,,,,,,,,,,,,,,
15,5064,390,PDO1,8,0,33552,-257,0,-9964,,,,,,,,,,,,,
15,5064,646,PDO2,8,0,,,,,-1,0,0,0,,,,,,,,,
15,5064,902,PDO3,8,0,,,,,,,,,0,0,3072,16632,0,,,,
15,5066,1158,PDO4,8,0,,,,,,,,,,,,,,1280,0,0,0
15,5084,390,PDO1,8,0,33552,512,0,-9964,,,,,,,,,,,,,
15,5085,646,PDO2,8,0,,,,,-1,0,0,0,,,,,,,,,
15,5085,902,PDO3,8,0,,,,,,,,,0,0,3328,16632,0,,,,
15,5086,1158,PDO4,8,0,,,,,,,,,,,,,,1280,0,0,0
15,5104,390,PDO1,8,0,33552,1280,0,-9452,,,,,,,,,,,,,
15,5105,646,PDO2,8,0,,,,,-1,0,0,0,,,,,,,,,
15,5105,902,PDO3,8,0,,,,,,,,,0,0,1024,16632,0,,,,
15,5106,1158,PDO4,8,0,,,,,,,,,,,,,,1280,0,0,0
15,5124,390,PDO1,8,0,33552,1280,0,-9964,,,,,,,,,,,,,
15,5125,646,PDO2,8,0,,,,,-257,0,0,0,,,,,,,,,
15,5125,902,PDO3,8,0,,,,,,,,,0,0,2816,16632,0,,,,
15,5126,1158,PDO4,8,0,,,,,,,,,,,,,,1280,0,0,0
15,5145,390,PDO1,8,0,33552,0,0,-9964,,,,,,,,,,,,,
15,5145,646,PDO2,8,0,,,,,256,0,0,0,,,,,,,,,
15,5145,902,PDO3,8,0,,,,,,,,,0,0,3584,16632,0,,,,
15,5146,1158,PDO4,8,0,,,,,,,,,,,,,,1280,0,0,0
15,5165,390,PDO1,8,0,33552,0,0,-9964,,,,,,,,,,,,,
15,5165,646,PDO2,8,0,,,,,-1,0,0,0,,,,,,,,,
15,5165,902,PDO3,8,0,,,,,,,,,0,0,3328,16632,0,,,,
15,5166,1158,PDO4,8,0,,,,,,,,,,,,,,1280,0,0,0
15,5186,390,PDO1,8,0,33552,768,0,-9964,,,,,,,,,,,,,
15,5186,646,PDO2,8,0,,,,,256,0,0,0,,,,,,,,,
15,5186,902,PDO3,8,0,,,,,,,,,0,0,3072,16632,0,,,,
15,5188,1158,PDO4,8,0,,,,,,,,,,,,,,1280,0,0,0
15,5206,390,PDO1,8,0,33552,1024,0,-9964,,,,,,,,,,,,,
15,5206,646,PDO2,8,0,,,,,-769,0,0,0,,,,,,,,,
15,5206,902,PDO3,8,0,,,,,,,,,0,0,4096,16632,0,,,,
15,5207,1158,PDO4,8,0,,,,,,,,,,,,,,1280,0,0,0
15,5226,390,PDO1,8,0,33552,1024,0,-9964,,,,,,,,,,,,,
15,5226,646,PDO2,8,0,,,,,256,0,0,0,,,,,,,,,
15,5226,902,PDO3,8,0,,,,,,,,,0,0,768,16632,0,,,,
15,5228,1158,PDO4,8,0,,,,,,,,,,,,,,1280,0,0,0
15,5246,390,PDO1,8,0,33552,-257,0,-10476,,,,,,,,,,,,,
15,5246,646,PDO2,8,0,,,,,-1,0,0,0,,,,,,,,,
15,5247,902,PDO3,8,0,,,,,,,,,0,0,1280,16632,0,,,,
15,5248,1158,PDO4,8,0,,,,,,,,,,,,,,1280,0,0,0
15,5266,390,PDO1,8,0,33552,256,0,-9964,,,,,,,,,,,,,
15,5267,646,PDO2,8,0,,,,,0,0,0,0,,,,,,,,,
15,5267,902,PDO3,8,0,,,,,,,,,0,0,5120,16632,0,,,,
15,5268,1158,PDO4,8,0,,,,,,,,,,,,,,1280,0,0,0
15,5287,390,PDO1,8,0,33552,0,0,-9964,,,,,,,,,,,,,
15,5287,646,PDO2,8,0,,,,,-257,0,0,0,,,,,,,,,
15,5287,902,PDO3,8,0,,,,,,,,,0,0,3328,16632,0,,,,
15,5289,1158,PDO4,8,0,,,,,,,,,,,,,,1280,0,0,0
15,5307,390,PDO1,8,0,33552,768,0,-9964,,,,,,,,,,,,,
15,5307,646,PDO2,8,0,,,,,256,0,0,0,,,,,,,,,
15,5307,902,PDO3,8,0,,,,,,,,,0,0,4864,16632,0,,,,
15,5309,1158,PDO4,8,0,,,,,,,,,,,,,,1280,0,0,0
15,5327,390,PDO1,8,0,33552,256,0,-9964,,,,,,,,,,,,,
15,5327,646,PDO2,8,0,,,,,-1,0,0,0,,,,,,,,,
15,5327,902,PDO3,8,0,,,,,,,,,0,0,1280,16632,0,,,,
15,5329,1158,PDO4,8,0,,,,,,,,,,,,,,1280,0,0,0
15,5347,390,PDO1,8,0,33552,-1,0,-9964,,,,,,,,,,,,,
15,5347,646,PDO2,8,0,,,,,0,0,0,0,,,,,,,,,
15,5347,902,PDO3,8,0,,,,,,,,,0,0,2816,16632,0,,,,
15,5349,1158,PDO4,8,0,,,,,,,,,,,,,,1280,0,0,0
15,5360,1542,Unknown PDO,8,0,,,,,,,,,,,,,,,,,
15,5361,1414,Unknown PDO,8,0,,,,,,,,,,,,,,,,,
15,5367,390,PDO1,8,0,33552,0,0,-9964,,,,,,,,,,,,,
15,5368,646,PDO2,8,0,,,,,-257,0,0,0,,,,,,,,,
15,5368,902,PDO3,8,0,,,,,,,,,0,0,1792,16632,0,,,,
15,5369,1158,PDO4,8,0,,,,,,,,,,,,,,1280,0,0,0
15,5381,1542,Unknown PDO,8,0,,,,,,,,,,,,,,,,,
15,5384,1414,Unknown PDO,8,0,,,,,,,,,,,,,,,,,
15,5388,390,PDO1,8,0,33552,256,0,-9452,,,,,,,,,,,,,
15,5388,646,PDO2,8,0,,,,,0,0,0,0,,,,,,,,,
15,5388,902,PDO3,8,0,,,,,,,,,0,0,1536,16632,0,,,,
15,5389,1158,PDO4,8,0,,,,,,,,,,,,,,1280,0,0,0
15,5392,1542,Unknown PDO,8,0,,,,,,,,,,,,,,,,,
15,5394,1414,Unknown PDO,8,0,,,,,,,,,,,,,,,,,
15,5408,390,PDO1,8,0,33552,256,0,-9964,,,,,,,,,,,,,
15,5409,646,PDO2,8,0,,,,,-769,0,0,0,,,,,,,,,
15,5409,902,PDO3,8,0,,,,,,,,,0,0,2816,16632,0,,,,
15,5410,1158,PDO4,8,0,,,,,,,,,,,,,,1280,0,0,0
15,5414,1542,Unknown PDO,8,0,,,,,,,,,,,,,,,,,
15,5416,1414,Unknown PDO,8,0,,,,,,,,,,,,,,,,,
15,5425,1542,Unknown PDO,8,0,,,,,,,,,,,,,,,,,
15,5426,1414,Unknown PDO,8,0,,,,,,,,,,,,,,,,,
15,5428,390,PDO1,8,0,33552,0,0,-9964,,,,,,,,,,,,,
15,5429,646,PDO2,8,0,,,,,-1,0,0,0,,,,,,,,,
15,5429,902,PDO3,8,0,,,,,,,,,0,0,2560,16632,0,,,,
15,5430,1158,PDO4,8,0,,,,,,,,,,,,,,1280,0,0,0
15,5444,1542,Unknown PDO,8,0,,,,,,,,,,,,,,,,,
15,5446,1414,Unknown PDO,8,0,,,,,,,,,,,,,,,,,
15,5447,1542,Unknown PDO,8,0,,,,,,,,,,,,,,,,,
15,5449,390,PDO1,8,0,33552,512,0,-9964,,,,,,,,,,,,,
15,5449,646,PDO2,8,0,,,,,512,0,0,0,,,,,,,,,
15,5449,902,PDO3,8,0,,,,,,,,,0,0,768,16632,0,,,,
15,5450,1158,PDO4,8,0,,,,,,,,,,,,,,1280,0,0,0
15,5451,1414,Unknown PDO,8,0,,,,,,,,,,,,,,,,,
15,5451,1542,Unknown PDO,8,0,,,,,,,,,,,,,,,,,
15,5452,1414,Unknown PDO,8,0,,,,,,,,,,,,,,,,,
15,5458,1414,Unknown PDO,8,0,,,,,,,,,,,,,,,,,
15,5458,1542,Unknown PDO,8,0,,,,,,,,,,,,,,,,,
15,5469,390,PDO1,8,0,33552,1280,0,-9964,,,,,,,,,,,,,
15,5469,646,PDO2,8,0,,,,,256,0,0,0,,,,,,,,,
15,5469,902,PDO3,8,0,,,,,,,,,0,0,1792,16632,0,,,,
15,5470,1158,PDO4,8,0,,,,,,,,,,,,,,1280,0,0,0
15,5482,1542,Unknown PDO,8,0,,,,,,,,,,,,,,,,,
15,5484,1414,Unknown PDO,8,0,,,,,,,,,,,,,,,,,
15,5488,390,PDO1,8,0,33552,256,0,-9964,,,,,,,,,,,,,
15,5489,646,PDO2,8,0,,,,,-1,0,0,0,,,,,,,,,
15,5489,902,PDO3,8,0,,,,,,,,,0,0,3584,16632,0,,,,
15,5490,1158,PDO4,8,0,,,,,,,,,,,,,,1280,0,0,0
15,5502,1542,Unknown PDO,8,0,,,,,,,,,,,,,,,,,
15,5504,1414,Unknown PDO,8,0,,,,,,,,,,,,,,,,,
15,5508,390,PDO1,8,0,33552,768,0,-9964,,,,,,,,,,,,,
15,5509,646,PDO2,8,0,,,,,512,0,0,0,,,,,,,,,
15,5509,902,PDO3,8,0,,,,,,,,,0,0,4096,16632,0,,,,
15,5510,1158,PDO4,8,0,,,,,,,,,,,,,,1280,0,0,0
15,5519,1542,Unknown PDO,8,0,,,,,,,,,,,,,,,,,
15,5520,1414,Unknown PDO,8,0,,,,,,,,,,,,,,,,,
15,5528,390,PDO1,8,0,33552,512,0,-9964,,,,,,,,,,,,,
15,5529,646,PDO2,8,0,,,,,-257,0,0,0,,,,,,,,,
15,5529,902,PDO3,8,0,,,,,,,,,0,0,5376,16632,0,,,,
15,5530,1158,PDO4,8,0,,,,,,,,,,,,,,1280,0,0,0
15,5534,1542,Unknown PDO,8,0,,,,,,,,,,,,,,,,,
15,5536,1414,Unknown PDO,8,0,,,,,,,,,,,,,,,,,
15,5548,390,PDO1,8,0,33552,0,0,-9964,,,,,,,,,,,,,
15,5549,646,PDO2,8,0,,,,,-257,0,0,0,,,,,,,,,
15,5549,902,PDO3,8,0,,,,,,,,,0,0,2048,16632,0,,,,
15,5550,1158,PDO4,8,0,,,,,,,,,,,,,,1280,0,0,0
15,5550,1542,Unknown PDO,8,0,,,,,,,,,,,,,,,,,
15,5551,1414,Unknown PDO,8,0,,,,,,,,,,,,,,,,,
15,5568,390,PDO1,8,0,33552,768,0,-9964,,,,,,,,,,,,,
15,5568,1542,Unknown PDO,8,0,,,,,,,,,,,,,,,,,
15,5569,646,PDO2,8,0,,,,,256,0,0,0,,,,,,,,,
15,5569,902,PDO3,8,0,,,,,,,,,0,0,2304,16632,0,,,,
15,5570,1158,PDO4,8,0,,,,,,,,,,,,,,1280,0,0,0
15,5570,1414,Unknown PDO,8,0,,,,,,,,,,,,,,,,,
15,5579,1542,Unknown PDO,8,0,,,,,,,,,,,,,,,,,
15,5580,1414,Unknown PDO,8,0,,,,,,,,,,,,,,,,,
15,5581,1542,Unknown PDO,8,0,,,,,,,,,,,,,,,,,
15,5583,1414,Unknown PDO,8,0,,,,,,,,,,,,,,,,,
15,5583,1542,Unknown PDO,8,0,,,,,,,,,,,,,,,,,
15,5584,1414,Unknown PDO,8,0,,,,,,,,,,,,,,,,,
15,5585,1542,Unknown PDO,8,0,,,,,,,,,,,,,,,,,
15,5586,1414,Unknown PDO,8,0,,,,,,,,,,,,,,,,,
15,5587,1542,Unknown PDO,8,0,,,,,,,,,,,,,,,,,
15,5589,390,PDO1,8,0,33552,256,0,-9964,,,,,,,,,,,,,
15,5589,646,PDO2,8,0,,,,,-257,0,0,0,,,,,,,,,
15,5589,902,PDO3,8,0,,,,,,,,,0,0,1792,16632,0,,,,
15,5591,1158,PDO4,8,0,,,,,,,,,,,,,,1280,0,0,0
15,5591,1414,Unknown PDO,8,0,,,,,,,,,,,,,,,,,
15,5591,1542,Unknown PDO,8,0,,,,,,,,,,,,,,,,,
15,5593,1414,Unknown PDO,8,0,,,,,,,,,,,,,,,,,
15,5595,1542,Unknown PDO,8,0,,,,,,,,,,,,,,,,,
15,5597,1414,Unknown PDO,8,0,,,,,,,,,,,,,,,,,
15,5609,390,PDO1,8,0,33552,0,0,-9964,,,,,,,,,,,,,
15,5609,646,PDO2,8,0,,,,,-257,0,0,0,,,,,,,,,
15,5610,902,PDO3,8,0,,,,,,,,,0,0,6144,16632,0,,,,
15,5610,1158,PDO4,8,0,,,,,,,,,,,,,,1280,0,0,0
15,5612,1542,Unknown PDO,8,0,,,,,,,,,,,,,,,,,
15,5613,1414,Unknown PDO,8,0,,,,,,,,,,,,,,,,,
15,5630,390,PDO1,8,0,33552,512,0,-9964,,,,,,,,,,,,,
15,5630,646,PDO2,8,0,,,,,-1,0,0,0,,,,,,,,,
15,5630,902,PDO3,8,0,,,,,,,,,0,0,5888,16632,0,,,,
15,5631,1158,PDO4,8,0,,,,,,,,,,,,,,1280,0,0,0
15,5636,1542,Unknown PDO,8,0,,,,,,,,,,,,,,,,,
15,5638,1414,Unknown PDO,8,0,,,,,,,,,,,,,,,,,
15,5650,390,PDO1,8,0,33552,256,0,-9964,,,,,,,,,,,,,
15,5650,646,PDO2,8,0,,,,,512,0,0,0,,,,,,,,,
15,5651,902,PDO3,8,0,,,,,,,,,0,0,2304,16632,0,,,,
15,5651,1158,PDO4,8,0,,,,,,,,,,,,,,1280,0,0,0
15,5656,1542,Unknown PDO,8,0,,,,,,,,,,,,,,,,,
15,5657,1414,Unknown PDO,8,0,,,,,,,,,,,,,,,,,
15,5670,390,PDO1,8,0,33552,-769,0,-9964,,,,,,,,,,,,,
15,5670,646,PDO2,8,0,,,,,-1025,0,0,0,,,,,,,,,
15,5670,902,PDO3,8,0,,,,,,,,,0,0,3328,16632,0,,,,
15,5670,1542,Unknown PDO,8,0,,,,,,,,,,,,,,,,,
15,5672,1158,PDO4,8,0,,,,,,,,,,,,,,1280,0,0,0
15,5672,1414,Unknown PDO,8,0,,,,,,,,,,,,,,,,,
15,5688,1542,Unknown PDO,8,0,,,,,,,,,,,,,,,,,
15,5691,390,PDO1,8,0,33552,512,0,-9964,,,,,,,,,,,,,
15,5691,646,PDO2,8,0,,,,,-1,0,0,0,,,,,,,,,
15,5691,902,PDO3,8,0,,,,,,,,,0,0,3072,16632,0,,,,
15,5692,1158,PDO4,8,0,,,,,,,,,,,,,,1280,0,0,0
15,5693,1414,Unknown PDO,8,0,,,,,,,,,,,,,,,,,
15,5700,1542,Unknown PDO,8,0,,,,,,,,,,,,,,,,,
15,5702,1414,Unknown PDO,8,0,,,,,,,,,,,,,,,,,
15,5703,1542,Unknown PDO,8,0,,,,,,,,,,,,,,,,,
15,5705,1414,Unknown PDO,8,0,,,,,,,,,,,,,,,,,
15,5706,1542,Unknown PDO,8,0,,,,,,,,,,,,,,,,,
15,5707,1414,Unknown PDO,8,0,,,,,,,,,,,,,,,,,
15,5707,1542,Unknown PDO,8,0,,,,,,,,,,,,,,,,,
15,5708,1414,Unknown PDO,8,0,,,,,,,,,,,,,,,,,
15,5709,1542,Unknown PDO,8,0,,,,,,,,,,,,,,,,,
15,5711,390,PDO1,8,0,33552,-1,0,-9964,,,,,,,,,,,,,
15,5711,646,PDO2,8,0,,,,,-769,0,0,0,,,,,,,,,
15,5711,902,PDO3,8,0,,,,,,,,,0,0,3072,16632,0,,,,
15,5712,1158,PDO4,8,0,,,,,,,,,,,,,,1280,0,0,0
15,5713,1414,Unknown PDO,8,0,,,,,,,,,,,,,,,,,
15,5714,1542,Unknown PDO,8,0,,,,,,,,,,,,,,,,,
15,5715,1414,Unknown PDO,8,0,,,,,,,,,,,,,,,,,
15,5720,1414,Unknown PDO,8,0,,,,,,,,,,,,,,,,,
15,5720,1542,Unknown PDO,8,0,,,,,,,,,,,,,,,,,
15,5731,390,PDO1,8,0,33552,768,0,-9964,,,,,,,,,,,,,
15,5731,646,PDO2,8,0,,,,,-769,0,0,0,,,,,,,,,
15,5731,902,PDO3,8,0,,,,,,,,,0,0,1536,16632,0,,,,
15,5733,1158,PDO4,8,0,,,,,,,,,,,,,,1280,0,0,0
15,5735,1542,Unknown PDO,8,0,,,,,,,,,,,,,,,,,
15,5737,1414,Unknown PDO,8,0,,,,,,,,,,,,,,,,,
15,5751,390,PDO1,8,0,33552,768,0,-9964,,,,,,,,,,,,,
15,5751,646,PDO2,8,0,,,,,512,0,0,0,,,,,,,,,
15,5752,902,PDO3,8,0,,,,,,,,,0,0,2048,16632,0,,,,
15,5752,1542,Unknown PDO,8,0,,,,,,,,,,,,,,,,,
15,5753,1158,PDO4,8,0,,,,,,,,,,,,,,1280,0,0,0
15,5753,1414,Unknown PDO,8,0,,,,,,,,,,,,,,,,,
15,5764,1542,Unknown PDO,8,0,,,,,,,,,,,,,,,,,
15,5765,1414,Unknown PDO,8,0,,,,,,,,,,,,,,,,,
15,5772,390,PDO1,8,0,33552,768,0,-9964,,,,,,,,,,,,,
15,5772,646,PDO2,8,0,,,,,-769,0,0,0,,,,,,,,,
15,5772,902,PDO3,8,0,,,,,,,,,0,0,2048,16632,0,,,,
15,5773,1158,PDO4,8,0,,,,,,,,,,,,,,1280,0,0,0
15,5785,1542,Unknown PDO,8,0,,,,,,,,,,,,,,,,,
15,5786,1414,Unknown PDO,8,0,,,,,,,,,,,,,,,,,
15,5792,390,PDO1,8,0,33552,-257,0,-9964,,,,,,,,,,,,,
15,5793,646,PDO2,8,0,,,,,-769,0,0,0,,,,,,,,,
15,5793,902,PDO3,8,0,,,,,,,,,0,0,2048,16632,0,,,,
15,5794,1158,PDO4,8,0,,,,,,,,,,,,,,1280,0,0,0
15,5812,390,PDO1,8,0,33552,0,0,-9964,,,,,,,,,,,,,
15,5813,646,PDO2,8,0,,,,,1024,0,0,0,,,,,,,,,
15,5813,902,PDO3,8,0,,,,,,,,,0,0,3072,16632,0,,,,
15,5814,1158,PDO4,8,0,,,,,,,,,,,,,,1280,0,0,0
15,5832,390,PDO1,8,0,33552,512,0,-9964,,,,,,,,,,,,,
15,5833,646,PDO2,8,0,,,,,-1,0,0,0,,,,,,,,,
15,5833,902,PDO3,8,0,,,,,,,,,0,0,4096,16632,0,,,,
15,5834,1158,PDO4,8,0,,,,,,,,,,,,,,1280,0,0,0
15,5853,390,PDO1,8,0,33552,256,0,-9964,,,,,,,,,,,,,
15,5853,646,PDO2,8,0,,,,,-513,0,0,0,,,,,,,,,
15,5853,902,PDO3,8,0,,,,,,,,,0,0,3328,16632,0,,,,
15,5855,1158,PDO4,8,0,,,,,,,,,,,,,,1280,0,0,0
15,5873,390,PDO1,8,0,33552,-1,0,-9964,,,,,,,,,,,,,
15,5873,646,PDO2,8,0,,,,,-1,0,0,0,,,,,,,,,
15,5873,902,PDO3,8,0,,,,,,,,,0,0,2560,16632,0,,,,
15,5875,1158,PDO4,8,0,,,,,,,,,,,,,,1280,0,0,0
15,5893,390,PDO1,8,0,33552,-257,0,-9964,,,,,,,,,,,,,
15,5893,646,PDO2,8,0,,,,,-513,0,0,0,,,,,,,,,
15,5893,902,PDO3,8,0,,,,,,,,,0,0,1280,16632,0,,,,
15,5894,1158,PDO4,8,0,,,,,,,,,,,,,,1280,0,0,0
15,5914,390,PDO1,8,0,33552,512,0,-9964,,,,,,,,,,,,,
15,5914,646,PDO2,8,0,,,,,512,0,0,0,,,,,,,,,
15,5914,902,PDO3,8,0,,,,,,,,,0,0,2560,16632,0,,,,
15,5915,1158,PDO4,8,0,,,,,,,,,,,,,,1280,0,0,0
15,5934,390,PDO1,8,0,33552,256,0,-9452,,,,,,,,,,,,,
15,5934,646,PDO2,8,0,,,,,512,0,0,0,,,,,,,,,
15,5934,902,PDO3,8,0,,,,,,,,,0,0,3072,16632,0,,,,
15,5936,1158,PDO4,8,0,,,,,,,,,,,,,,1280,0,0,0
15,5943,1414,Unknown PDO,8,0,,,,,,,,,,,,,,,,,
15,5943,1542,Unknown PDO,8,0,,,,,,,,,,,,,,,,,
15,5954,390,PDO1,8,0,33552,256,0,-9964,,,,,,,,,,,,,
15,5955,646,PDO2,8,0,,,,,-1,0,0,0,,,,,,,,,
15,5955,902,PDO3,8,0,,,,,,,,,0,0,1792,16632,0,,,,
15,5956,1158,PDO4,8,0,,,,,,,,,,,,,,1280,0,0,0
15,5961,1542,Unknown PDO,8,0,,,,,,,,,,,,,,,,,
15,5962,1414,Unknown PDO,8,0,,,,,,,,,,,,,,,,,
15,5963,1542,Unknown PDO,8,0,,,,,,,,,,,,,,,,,
15,5964,1414,Unknown PDO,8,0,,,,,,,,,,,,,,,,,
15,5975,390,PDO1,8,0,33552,512,0,-9964,,,,,,,,,,,,,
15,5976,646,PDO2,8,0,,,,,512,0,0,0,,,,,,,,,
15,5976,902,PDO3,8,0,,,,,,,,,0,0,2304,16632,0,,,,
15,5976,1158,PDO4,8,0,,,,,,,,,,,,,,1280,0,0,0
15,5978,1542,Unknown PDO,8,0,,,,,,,,,,,,,,,,,
15,5980,1414,Unknown PDO,8,0,,,,,,,,,,,,,,,,,
15,5994,1542,Unknown PDO,8,0,,,,,,,,,,,,,,,,,
15,5995,390,PDO1,8,0,33552,768,0,-9964,,,,,,,,,,,,,
15,5996,646,PDO2,8,0,,,,,-1,0,0,0,,,,,,,,,
15,5996,902,PDO3,8,0,,,,,,,,,0,0,512,16632,0,,,,
15,5996,1158,PDO4,8,0,,,,,,,,,,,,,,1280,0,0,0
15,5996,1414,Unknown PDO,8,0,,,,,,,,,,,,,,,,,
15,6014,390,PDO1,8,0,33552,512,0,-9964,,,,,,,,,,,,,
15,6015,646,PDO2,8,0,,,,,-257,0,0,0,,,,,,,,,
15,6015,902,PDO3,8,0,,,,,,,,,0,0,512,16632,0,,,,
15,6016,1158,PDO4,8,0,,,,,,,,,,,,,,1280,0,0,0
15,6035,390,PDO1,8,0,33552,1280,0,-9964,,,,,,,,,,,,,
15,6035,646,PDO2,8,0,,,,,0,0,0,0,,,,,,,,,
15,6035,902,PDO3,8,0,,,,,,,,,0,0,1536,16632,0,,,,
15,6036,1158,PDO4,8,0,,,,,,,,,,,,,,1280,0,0,0
15,6050,1414,Unknown PDO,8,0,,,,,,,,,,,,,,,,,
15,6050,1542,Unknown PDO,8,0,,,,,,,,,,,,,,,,,
15,6052,1414,Unknown PDO,8,0,,,,,,,,,,,,,,,,,
15,6052,1542,Unknown PDO,8,0,,,,,,,,,,,,,,,,,
15,6055,390,PDO1,8,0,33552,-257,0,-9964,,,,,,,,,,,,,
15,6055,646,PDO2,8,0,,,,,-1,0,0,0,,,,,,,,,
15,6056,902,PDO3,8,0,,,,,,,,,0,0,4096,16632,0,,,,
15,6056,1158,PDO4,8,0,,,,,,,,,,,,,,1280,0,0,0
15,6068,1542,Unknown PDO,8,0,,,,,,,,,,,,,,,,,
15,6069,1414,Unknown PDO,8,0,,,,,,,,,,,,,,,,,
15,6070,1542,Unknown PDO,8,0,,,,,,,,,,,,,,,,,
15,6071,1414,Unknown PDO,8,0,,,,,,,,,,,,,,,,,
15,6076,390,PDO1,8,0,33552,-1025,0,-9964,,,,,,,,,,,,,
15,6076,646,PDO2,8,0,,,,,-1,0,0,0,,,,,,,,,
15,6077,902,PDO3,8,0,,,,,,,,,0,0,1280,16632,0,,,,
15,6077,1158,PDO4,8,0,,,,,,,,,,,,,,1280,0,0,0
15,6080,1542,Unknown PDO,8,0,,,,,,,,,,,,,,,,,
15,6081,1414,Unknown PDO,8,0,,,,,,,,,,,,,,,,,
15,6095,390,PDO1,8,0,33552,0,0,-9452,,,,,,,,,,,,,
15,6096,646,PDO2,8,0,,,,,-257,0,0,0,,,,,,,,,
15,6096,902,PDO3,8,0,,,,,,,,,0,0,768,16632,0,,,,
15,6096,1158,PDO4,8,0,,,,,,,,,,,,,,1280,0,0,0
15,6098,1542,Unknown PDO,8,0,,,,,,,,,,,,,,,,,
15,6099,1414,Unknown PDO,8,0,,,,,,,,,,,,,,,,,
15,6100,1542,Unknown PDO,8,0,,,,,,,,,,,,,,,,,
15,6101,1414,Unknown PDO,8,0,,,,,,,,,,,,,,,,,
15,6115,1542,Unknown PDO,8,0,,,,,,,,,,,,,,,,,
15,6116,390,PDO1,8,0,33552,256,0,-9964,,,,,,,,,,,,,
15,6116,646,PDO2,8,0,,,,,-513,0,0,0,,,,,,,,,
15,6116,902,PDO3,8,0,,,,,,,,,0,0,2816,16632,0,,,,
15,6117,1158,PDO4,8,0,,,,,,,,,,,,,,1280,0,0,0
15,6118,1414,Unknown PDO,8,0,,,,,,,,,,,,,,,,,
15,6136,390,PDO1,8,0,33552,-257,0,-9964,,,,,,,,,,,,,
15,6136,646,PDO2,8,0,,,,,-1,0,0,0,,,,,,,,,
15,6136,902,PDO3,8,0,,,,,,,,,0,0,2304,16632,0,,,,
15,6137,1158,PDO4,8,0,,,,,,,,,,,,,,1280,0,0,0
15,6156,390,PDO1,8,0,33552,-1,0,-9452,,,,,,,,,,,,,
15,6156,646,PDO2,8,0,,,,,-257,0,0,0,,,,,,,,,
15,6157,902,PDO3,8,0,,,,,,,,,0,0,2304,16632,0,,,,
15,6157,1158,PDO4,8,0,,,,,,,,,,,,,,1280,0,0,0
15,6176,390,PDO1,8,0,33552,0,0,-9452,,,,,,,,,,,,,
15,6177,646,PDO2,8,0,,,,,256,0,0,0,,,,,,,,,
15,6177,902,PDO3,8,0,,,,,,,,,0,0,4864,16632,0,,,,
15,6178,1158,PDO4,8,0,,,,,,,,,,,,,,1280,0,0,0
15,6197,390,PDO1,8,0,33552,-1,0,-9964,,,,,,,,,,,,,
15,6197,646,PDO2,8,0,,,,,-1,0,0,0,,,,,,,,,
15,6197,902,PDO3,8,0,,,,,,,,,0,0,4352,16632,0,,,,
15,6197,1158,PDO4,8,0,,,,,,,,,,,,,,1280,0,0,0
15,6217,390,PDO1,8,0,33552,1280,0,-9452,,,,,,,,,,,,,
15,6217,646,PDO2,8,0,,,,,0,0,0,0,,,,,,,,,
15,6217,902,PDO3,8,0,,,,,,,,,0,0,4352,16632,0,,,,
15,6217,1158,PDO4,8,0,,,,,,,,,,,,,,1280,0,0,0
15,6237,390,PDO1,8,0,33552,0,0,-9452,,,,,,,,,,,,,
15,6237,646,PDO2,8,0,,,,,256,0,0,0,,,,,,,,,
15,6237,902,PDO3,8,0,,,,,,,,,0,0,1792,16632,0,,,,
15,6238,1158,PDO4,8,0,,,,,,,,,,,,,,1280,0,0,0
15,6257,390,PDO1,8,0,33552,256,0,-9452,,,,,,,,,,,,,
15,6257,646,PDO2,8,0,,,,,-1,0,0,0,,,,,,,,,
15,6257,902,PDO3,8,0,,,,,,,,,0,0,1536,16632,0,,,,
15,6258,1158,PDO4,8,0,,,,,,,,,,,,,,1280,0,0,0
15,6277,390,PDO1,8,0,33552,-513,0,-9964,,,,,,,,,,,,,
15,6278,646,PDO2,8,0,,,,,-257,0,0,0,,,,,,,,,
15,6278,902,PDO3,8,0,,,,,,,,,0,0,4608,16632,0,,,,
15,6279,1158,PDO4,8,0,,,,,,,,,,,,,,1280,0,0,0
15,6298,390,PDO1,8,0,33552,256,0,-9964,,,,,,,,,,,,,
15,6298,646,PDO2,8,0,,,,,-1,0,0,0,,,,,,,,,
15,6298,902,PDO3,8,0,,,,,,,,,0,0,768,16632,0,,,,
15,6299,1158,PDO4,8,0,,,,,,,,,,,,,,1280,0,0,0
15,6318,390,PDO1,8,0,33552,-513,0,-9964,,,,,,,,,,,,,
15,6318,646,PDO2,8,0,,,,,-513,0,0,0,,,,,,,,,
15,6319,902,PDO3,8,0,,,,,,,,,0,0,2560,16632,0,,,,
15,6320,1158,PDO4,8,0,,,,,,,,,,,,,,1280,0,0,0
15,6339,390,PDO1,8,0,33552,768,0,-9964,,,,,,,,,,,,,
15,6339,646,PDO2,8,0,,,,,-1,0,0,0,,,,,,,,,
15,6339,902,PDO3,8,0,,,,,,,,,0,0,2048,16632,0,,,,
15,6340,1158,PDO4,8,0,,,,,,,,,,,,,,1280,0,0,0
15,6359,390,PDO1,8,0,33552,256,0,-9964,,,,,,,,,,,,,
15,6359,646,PDO2,8,0,,,,,-257,0,0,0,,,,,,,,,
15,6359,902,PDO3,8,0,,,,,,,,,0,0,1536,16632,0,,,,
15,6360,1158,PDO4,8,0,,,,,,,,,,,,,,1280,0,0,0
15,6379,390,PDO1,8,0,33552,0,0,-9452,,,,,,,,,,,,,
15,6379,646,PDO2,8,0,,,,,-1,0,0,0,,,,,,,,,
15,6380,902,PDO3,8,0,,,,,,,,,0,0,2560,16632,0,,,,
15,6381,1158,PDO4,8,0,,,,,,,,,,,,,,1280,0,0,0
15,6399,390,PDO1,8,0,33552,-257,0,-9964,,,,,,,,,,,,,
15,6399,646,PDO2,8,0,,,,,-769,0,0,0,,,,,,,,,
15,6400,902,PDO3,8,0,,,,,,,,,0,0,3840,16632,0,,,,
15,6401,1158,PDO4,8,0,,,,,,,,,,,,,,1280,0,0,0
15,6413,1414,Unknown PDO,8,0,,,,,,,,,,,,,,,,,
15,6413,1542,Unknown PDO,8,0,,,,,,,,,,,,,,,,,
15,6419,390,PDO1,8,0,33552,-513,0,-9964,,,,,,,,,,,,,
15,6420,646,PDO2,8,0,,,,,-1,0,0,0,,,,,,,,,
15,6420,902,PDO3,8,0,,,,,,,,,0,0,768,16632,0,,,,
15,6421,1158,PDO4,8,0,,,,,,,,,,,,,,1280,0,0,0
15,6435,1542,Unknown PDO,8,0,,,,,,,,,,,,,,,,,
15,6436,1414,Unknown PDO,8,0,,,,,,,,,,,,,,,,,
15,6440,390,PDO1,8,0,33552,256,0,-9964,,,,,,,,,,,,,
15,6440,646,PDO2,8,0,,,,,-1,0,0,0,,,,,,,,,
15,6441,902,PDO3,8,0,,,,,,,,,0,0,5888,16632,0,,,,
15,6442,1158,PDO4,8,0,,,,,,,,,,,,,,1280,0,0,0
15,6445,1542,Unknown PDO,8,0,,,,,,,,,,,,,,,,,
15,6446,1414,Unknown PDO,8,0,,,,,,,,,,,,,,,,,
15,6460,390,PDO1,8,0,33552,512,0,-9964,,,,,,,,,,,,,
15,6461,646,PDO2,8,0,,,,,-257,0,0,0,,,,,,,,,
15,6461,902,PDO3,8,0,,,,,,,,,0,0,5120,16632,0,,,,
15,6462,1158,PDO4,8,0,,,,,,,,,,,,,,1280,0,0,0
15,6469,1542,Unknown PDO,8,0,,,,,,,,,,,,,,,,,
15,6470,1414,Unknown PDO,8,0,,,,,,,,,,,,,,,,,
15,6481,390,PDO1,8,0,33552,0,0,-9964,,,,,,,,,,,,,
15,6481,646,PDO2,8,0,,,,,-1,0,0,0,,,,,,,,,
15,6481,902,PDO3,8,0,,,,,,,,,0,0,3328,16632,0,,,,
15,6482,1158,PDO4,8,0,,,,,,,,,,,,,,1280,0,0,0
15,6491,1542,Unknown PDO,8,0,,,,,,,,,,,,,,,,,
15,6492,1414,Unknown PDO,8,0,,,,,,,,,,,,,,,,,
15,6501,390,PDO1,8,0,33552,-1,0,-9964,,,,,,,,,,,,,
15,6501,646,PDO2,8,0,,,,,-769,0,0,0,,,,,,,,,
15,6501,902,PDO3,8,0,,,,,,,,,0,0,4352,16632,0,,,,
15,6502,1158,PDO4,8,0,,,,,,,,,,,,,,1280,0,0,0
15,6502,1542,Unknown PDO,8,0,,,,,,,,,,,,,,,,,
15,6503,1414,Unknown PDO,8,0,,,,,,,,,,,,,,,,,
15,6504,1414,Unknown PDO,8,0,,,,,,,,,,,,,,,,,
15,6504,1542,Unknown PDO,8,0,,,,,,,,,,,,,,,,,
15,6505,1542,Unknown PDO,8,0,,,,,,,,,,,,,,,,,
15,6506,1414,Unknown PDO,8,0,,,,,,,,,,,,,,,,,
15,6521,390,PDO1,8,0,33552,-1,0,-9964,,,,,,,,,,,,,
15,6521,646,PDO2,8,0,,,,,-1,0,0,0,,,,,,,,,
15,6522,902,PDO3,8,0,,,,,,,,,0,0,3840,16632,0,,,,
15,6522,1542,Unknown PDO,8,0,,,,,,,,,,,,,,,,,
15,6523,1158,PDO4,8,0,,,,,,,,,,,,,,1280,0,0,0
15,6523,1414,Unknown PDO,8,0,,,,,,,,,,,,,,,,,
15,6537,1542,Unknown PDO,8,0,,,,,,,,,,,,,,,,,
15,6539,1414,Unknown PDO,8,0,,,,,,,,,,,,,,,,,
15,6541,390,PDO1,8,0,33552,-513,0,-9964,,,,,,,,,,,,,
15,6541,646,PDO2,8,0,,,,,-1,0,0,0,,,,,,,,,
15,6542,902,PDO3,8,0,,,,,,,,,0,0,4096,16632,0,,,,
15,6543,1158,PDO4,8,0,,,,,,,,,,,,,,1280,0,0,0
15,6554,1542,Unknown PDO,8,0,,,,,,,,,,,,,,,,,
15,6555,1414,Unknown PDO,8,0,,,,,,,,,,,,,,,,,
15,6562,390,PDO1,8,0,33552,0,0,-9964,,,,,,,,,,,,,
15,6562,646,PDO2,8,0,,,,,0,0,0,0,,,,,,,,,
15,6562,902,PDO3,8,0,,,,,,,,,0,0,2304,16632,0,,,,
15,6563,1158,PDO4,8,0,,,,,,,,,,,,,,1280,0,0,0
15,6571,1542,Unknown PDO,8,0,,,,,,,,,,,,,,,,,
15,6573,1414,Unknown PDO,8,0,,,,,,,,,,,,,,,,,
15,6582,390,PDO1,8,0,33552,256,0,-9964,,,,,,,,,,,,,
15,6582,646,PDO2,8,0,,,,,-1,0,0,0,,,,,,,,,
15,6582,902,PDO3,8,0,,,,,,,,,0,0,4096,16632,0,,,,
15,6583,1158,PDO4,8,0,,,,,,,,,,,,,,1280,0,0,0
15,6589,1414,Unknown PDO,8,0,,,,,,,,,,,,,,,,,
15,6589,1542,Unknown PDO,8,0,,,,,,,,,,,,,,,,,
15,6599,1414,Unknown PDO,8,0,,,,,,,,,,,,,,,,,
15,6599,1542,Unknown PDO,8,0,,,,,,,,,,,,,,,,,
15,6602,390,PDO1,8,0,33552,256,0,-9964,,,,,,,,,,,,,
15,6602,646,PDO2,8,0,,,,,256,0,0,0,,,,,,,,,
15,6602,902,PDO3,8,0,,,,,,,,,0,0,1024,16632,0,,,,
15,6602,1158,PDO4,8,0,,,,,,,,,,,,,,1280,0,0,0
15,6619,1542,Unknown PDO,8,0,,,,,,,,,,,,,,,,,
15,6620,1414,Unknown PDO,8,0,,,,,,,,,,,,,,,,,
15,6622,390,PDO1,8,0,33552,0,0,-9964,,,,,,,,,,,,,
15,6622,646,PDO2,8,0,,,,,-257,0,0,0,,,,,,,,,
15,6623,902,PDO3,8,0,,,,,,,,,0,0,3328,16632,0,,,,
15,6624,1158,PDO4,8,0,,,,,,,,,,,,,,1280,0,0,0
15,6635,1542,Unknown PDO,8,0,,,,,,,,,,,,,,,,,
15,6636,1414,Unknown PDO,8,0,,,,,,,,,,,,,,,,,
15,6637,1542,Unknown PDO,8,0,,,,,,,,,,,,,,,,,
15,6638,1414,Unknown PDO,8,0,,,,,,,,,,,,,,,,,
15,6639,1542,Unknown PDO,8,0,,,,,,,,,,,,,,,,,
15,6640,1414,Unknown PDO,8,0,,,,,,,,,,,,,,,,,
15,6641,1542,Unknown PDO,8,0,,,,,,,,,,,,,,,,,
15,6642,390,PDO1,8,0,33552,0,0,-9964,,,,,,,,,,,,,
15,6643,646,PDO2,8,0,,,,,-1,0,0,0,,,,,,,,,
15,6643,902,PDO3,8,0,,,,,,,,,0,0,1024,16632,0,,,,
15,6644,1158,PDO4,8,0,,,,,,,,,,,,,,1280,0,0,0
15,6644,1414,Unknown PDO,8,0,,,,,,,,,,,,,,,,,
15,6645,1542,Unknown PDO,8,0,,,,,,,,,,,,,,,,,
15,6646,1414,Unknown PDO,8,0,,,,,,,,,,,,,,,,,
15,6647,1542,Unknown PDO,8,0,,,,,,,,,,,,,,,,,
15,6648,1414,Unknown PDO,8,0,,,,,,,,,,,,,,,,,
15,6649,1542,Unknown PDO,8,0,,,,,,,,,,,,,,,,,
15,6650,1414,Unknown PDO,8,0,,,,,,,,,,,,,,,,,
15,6663,390,PDO1,8,0,33552,0,0,-9452,,,,,,,,,,,,,
15,6663,646,PDO2,8,0,,,,,256,0,0,0,,,,,,,,,
15,6664,902,PDO3,8,0,,,,,,,,,0,0,3584,16632,0,,,,
15,6665,1158,PDO4,8,0,,,,,,,,,,,,,,1280,0,0,0
15,6669,1542,Unknown PDO,8,0,,,,,,,,,,,,,,,,,
15,6671,1414,Unknown PDO,8,0,,,,,,,,,,,,,,,,,
15,6683,390,PDO1,8,0,33552,-257,0,-9964,,,,,,,,,,,,,
15,6684,646,PDO2,8,0,,,,,256,0,0,0,,,,,,,,,
